Comment [Image File Path],Image Name,ROI_Number,Tissue_Name,Area_Hematopoietic_[um^2],Area_Adipocytes_[um^2],Area_IMV_(interstitium_and_microvasculature)_[um^2],Area_Bone_[um^2],Area_of_Total_Tissue_[um^2],Area_Of_Artifacts_[um^2],Area_Unassigned_[um^2],%_Cellularity_(Hematopoietic_area/(Marrow_area)),%_Adiposity_(Adipocytic_area/(Marrow_area)),%_IMV_area_(Interstitium_&_microvasculature/(Marrow_area)),%_Unassigned_area(Unassigned/(Marrow_area)),%_Ratio_hemato/(hemato+adipo),Min_Size,Max_Size,Min_Circularity,Total_Adipocytes,Num_Detections,Num_Adipocyte,Pathologist1_%cellularity_score,Pathologist2_%cellularity_score,Pathologist3_%cellularity_score,Pathologist4_%cellularity_score
Project:name:idr0096-tratwal-marrowquant/experimentA/Dataset:name:Test-ome-tiffs/uod/idr/filesets/idr0096-tratwal-marrowquant/20210609-ftp-ome-tiffs/Image8kw RT 3 (20x_02).ome.tiff,Image8kw RT 3 (20x_02).ome.tiff,0,,2608546.225,730981.046,120292.387,4573117.441,9406905.665,987160.701,386807.866,67.814,19.003,3.127,10.056,78.111,120,1.00E+09,0.3,2280,2284,2280,,,,
Project:name:idr0096-tratwal-marrowquant/experimentA/Dataset:name:Test-ome-tiffs/uod/idr/filesets/idr0096-tratwal-marrowquant/20210609-ftp-ome-tiffs/Image8wk RF 1 (20x_02).ome.tiff,Image8wk RF 1 (20x_02).ome.tiff,0,,2943813.526,987858.084,280719.235,844409.775,7039724.268,713926.465,1268997.183,53.706,18.022,5.121,23.151,74.874,120,1.00E+09,0.3,5500,5504,5500,,,,
Project:name:idr0096-tratwal-marrowquant/experimentA/Dataset:name:Test-ome-tiffs/uod/idr/filesets/idr0096-tratwal-marrowquant/20210609-ftp-ome-tiffs/Image8wk RF 2 (20x).ome.tiff,Image8wk RF 2 (20x).ome.tiff,0,,4417896.247,376434.619,153452.337,3034153.346,11090415.27,2741794.457,366684.265,83.13,7.083,2.887,6.9,92.148,120,1.00E+09,0.3,2409,2413,2409,,,,
Project:name:idr0096-tratwal-marrowquant/experimentA/Dataset:name:Test-ome-tiffs/uod/idr/filesets/idr0096-tratwal-marrowquant/20210609-ftp-ome-tiffs/Image8wk RF 3 (20x_01).ome.tiff,Image8wk RF 3 (20x_01).ome.tiff,0,,4626357.741,548393.798,314953.826,3483806.771,9965989.517,607090.463,385386.919,78.745,9.334,5.361,6.56,89.403,120,1.00E+09,0.3,3170,3174,3170,,,,
Project:name:idr0096-tratwal-marrowquant/experimentA/Dataset:name:Test-ome-tiffs/uod/idr/filesets/idr0096-tratwal-marrowquant/20210609-ftp-ome-tiffs/Image8wk RF 4 (20x_01).ome.tiff,Image8wk RF 4 (20x_01).ome.tiff,0,,6407936.23,523393.424,651187.428,3899651.134,13589371.91,1476620.131,630583.558,78.021,6.373,7.929,7.678,92.449,120,1.00E+09,0.3,3441,3445,3441,,,,
Project:name:idr0096-tratwal-marrowquant/experimentA/Dataset:name:Test-ome-tiffs/uod/idr/filesets/idr0096-tratwal-marrowquant/20210609-ftp-ome-tiffs/Image8wk RF 5 (20x_02).ome.tiff,Image8wk RF 5 (20x_02).ome.tiff,0,,6000835.503,381607.09,576050.446,2646428.377,10597677.38,211824.769,780931.191,77.536,4.931,7.443,10.09,94.021,120,1.00E+09,0.3,2779,2783,2779,,,,
Project:name:idr0096-tratwal-marrowquant/experimentA/Dataset:name:Test-ome-tiffs/uod/idr/filesets/idr0096-tratwal-marrowquant/20210609-ftp-ome-tiffs/Image8wk RT 1 (20x_02).ome.tiff,Image8wk RT 1 (20x_02).ome.tiff,0,,813454.11,255271.266,43406.427,1396181.604,3471175.895,227177.917,735684.572,44.022,13.815,2.349,39.814,76.114,120,1.00E+09,0.3,1022,1026,1022,,,,
Project:name:idr0096-tratwal-marrowquant/experimentA/Dataset:name:Test-ome-tiffs/uod/idr/filesets/idr0096-tratwal-marrowquant/20210609-ftp-ome-tiffs/Image8wk RT 2 (20x_01).ome.tiff,Image8wk RT 2 (20x_01).ome.tiff,0,,1889265.746,407641.646,54413.552,1736683.552,4457973.319,136302.811,233666.012,73.086,15.77,2.105,9.039,82.253,120,1.00E+09,0.3,717,721,717,,,,
Project:name:idr0096-tratwal-marrowquant/experimentA/Dataset:name:Test-ome-tiffs/uod/idr/filesets/idr0096-tratwal-marrowquant/20210609-ftp-ome-tiffs/Image8wk RT 5 (20x_02).ome.tiff,Image8wk RT 5 (20x_02).ome.tiff,0,,2421255.637,740380.154,200592.417,2730110.729,7349854.826,702592.137,554923.753,61.812,18.901,5.121,14.167,76.582,120,1.00E+09,0.3,2118,2122,2118,,,,
Project:name:idr0096-tratwal-marrowquant/experimentA/Dataset:name:Test-ome-tiffs/uod/idr/filesets/idr0096-tratwal-marrowquant/20210609-ftp-ome-tiffs/ImageRF_D0_I (20x_01).ome.tiff,ImageRF_D0_I (20x_01).ome.tiff,0,,6679219.21,496070.902,1138501.859,4827656.518,15593708.85,2022594.46,429665.905,76.391,5.674,13.021,4.914,93.086,120,1.00E+09,0.3,2726,2730,2726,,,,
Project:name:idr0096-tratwal-marrowquant/experimentA/Dataset:name:Test-ome-tiffs/uod/idr/filesets/idr0096-tratwal-marrowquant/20210609-ftp-ome-tiffs/ImageRF_D0_II (20x_02).ome.tiff,ImageRF_D0_II (20x_02).ome.tiff,0,,4204492.843,279713.034,473367.448,3222840.774,10549905.49,1881872.443,487618.952,77.215,5.137,8.693,8.955,93.762,120,1.00E+09,0.3,1806,1810,1806,,,,
Project:name:idr0096-tratwal-marrowquant/experimentA/Dataset:name:Test-ome-tiffs/uod/idr/filesets/idr0096-tratwal-marrowquant/20210609-ftp-ome-tiffs/ImageY2R_D0 (20x).ome.tiff,ImageY2R_D0 (20x).ome.tiff,0,,5265254.978,1473463.757,578116.999,4561997.974,15675058.29,2989444.039,806780.539,64.814,18.138,7.116,9.931,78.134,120,1.00E+09,0.3,2608,2612,2608,,,,
Project:name:idr0096-tratwal-marrowquant/experimentA/Dataset:name:Test-ome-tiffs/uod/idr/filesets/idr0096-tratwal-marrowquant/20210609-ftp-ome-tiffs/Ms1 lumbar (20x #5).ome.tiff,Ms1 lumbar (20x #5).ome.tiff,0,,861085.798,85776.876,124833.799,618002.814,2006330.715,215987.205,100644.222,73.45,7.317,10.648,8.585,90.941,120,1.00E+09,0.3,679,683,679,,,,
Project:name:idr0096-tratwal-marrowquant/experimentA/Dataset:name:Test-ome-tiffs/uod/idr/filesets/idr0096-tratwal-marrowquant/20210609-ftp-ome-tiffs/Ms1 lumbar (20x #5).ome.tiff,Ms1 lumbar (20x #5).ome.tiff,1,,1042577.336,33472.743,137518.027,434251.737,1777459.516,15459.692,114179.981,78.522,2.521,10.357,8.6,96.889,120,1.00E+09,0.3,313,317,313,,,,
Project:name:idr0096-tratwal-marrowquant/experimentA/Dataset:name:Test-ome-tiffs/uod/idr/filesets/idr0096-tratwal-marrowquant/20210609-ftp-ome-tiffs/Ms1 lumbar (20x #5).ome.tiff,Ms1 lumbar (20x #5).ome.tiff,2,,1040407.19,51229.521,163765.192,453866.738,1857912.282,102038.866,46604.774,79.908,3.935,12.578,3.579,95.307,120,1.00E+09,0.3,481,485,481,,,,
Project:name:idr0096-tratwal-marrowquant/experimentA/Dataset:name:Test-ome-tiffs/uod/idr/filesets/idr0096-tratwal-marrowquant/20210609-ftp-ome-tiffs/Ms2 lumbar (20x #3).ome.tiff,Ms2 lumbar (20x #3).ome.tiff,0,,1636963.312,153204.396,302857.973,1278188.036,3819987.175,243453.083,205320.375,71.224,6.666,13.177,8.933,91.442,120,1.00E+09,0.3,1369,1373,1369,,,,
Project:name:idr0096-tratwal-marrowquant/experimentA/Dataset:name:Test-ome-tiffs/uod/idr/filesets/idr0096-tratwal-marrowquant/20210609-ftp-ome-tiffs/Ms2 lumbar (20x #3).ome.tiff,Ms2 lumbar (20x #3).ome.tiff,1,,1877059.1,251465.253,384456.422,998498.818,4034968.736,298820.632,224668.51,68.565,9.185,14.043,8.207,88.186,120,1.00E+09,0.3,1603,1607,1603,,,,
Project:name:idr0096-tratwal-marrowquant/experimentA/Dataset:name:Test-ome-tiffs/uod/idr/filesets/idr0096-tratwal-marrowquant/20210609-ftp-ome-tiffs/Ms2 lumbar (20x #3).ome.tiff,Ms2 lumbar (20x #3).ome.tiff,2,,1741757.143,178223.685,390108.822,977304.218,3865387.209,427909.23,150084.111,70.798,7.244,15.857,6.101,90.717,120,1.00E+09,0.3,1484,1488,1484,,,,
Project:name:idr0096-tratwal-marrowquant/experimentA/Dataset:name:Test-ome-tiffs/uod/idr/filesets/idr0096-tratwal-marrowquant/20210609-ftp-ome-tiffs/m6 lumbar (20x #7).ome.tiff,m6 lumbar (20x #7).ome.tiff,0,,1086445.16,59441.509,251350.165,465407.688,2108480.47,243386.77,2449.177,77.621,4.247,17.958,0.175,94.813,120,1.00E+09,0.3,536,540,536,,,,
Project:name:idr0096-tratwal-marrowquant/experimentA/Dataset:name:Test-ome-tiffs/uod/idr/filesets/idr0096-tratwal-marrowquant/20210609-ftp-ome-tiffs/m6 lumbar (20x #7).ome.tiff,m6 lumbar (20x #7).ome.tiff,1,,1073113.997,62309.735,189770.801,480214.809,2077862.495,219880.387,52572.766,77.888,4.523,13.774,3.816,94.512,120,1.00E+09,0.3,632,636,632,,,,
Project:name:idr0096-tratwal-marrowquant/experimentA/Dataset:name:Test-ome-tiffs/uod/idr/filesets/idr0096-tratwal-marrowquant/20210609-ftp-ome-tiffs/m4 pelvic (20x #2).ome.tiff,m4 pelvic (20x #2).ome.tiff,2,,842391.092,60565.595,104123.446,359363.215,1573532.241,90698.101,116390.792,74.981,5.391,9.268,10.36,93.293,120,1.00E+09,0.3,543,547,543,,,,
Project:name:idr0096-tratwal-marrowquant/experimentA/Dataset:name:Test-ome-tiffs/uod/idr/filesets/idr0096-tratwal-marrowquant/20210609-ftp-ome-tiffs/m6 lumbar (20x #7).ome.tiff,m6 lumbar (20x #7).ome.tiff,0,,1081292.06,83942.21,160649.432,560599.304,2043100.021,35199.084,121417.931,74.711,5.8,11.1,8.389,92.796,120,1.00E+09,0.3,755,759,755,,,,
Project:name:idr0096-tratwal-marrowquant/experimentA/Dataset:name:Test-ome-tiffs/uod/idr/filesets/idr0096-tratwal-marrowquant/20210609-ftp-ome-tiffs/m6 lumbar (20x #7).ome.tiff,m6 lumbar (20x #7).ome.tiff,1,,821701.704,66166.66,150882.96,540083.055,1844314.608,245249.942,20230.287,77.594,6.248,14.248,1.91,92.548,120,1.00E+09,0.3,543,547,543,,,,
Project:name:idr0096-tratwal-marrowquant/experimentA/Dataset:name:Test-ome-tiffs/uod/idr/filesets/idr0096-tratwal-marrowquant/20210609-ftp-ome-tiffs/m5 pelvic (20x #2).ome.tiff,m5 pelvic (20x #2).ome.tiff,2,,780924.068,62486.402,117657.935,666645.883,1922756.824,219063.793,75978.743,75.303,6.025,11.345,7.326,92.591,120,1.00E+09,0.3,579,583,579,,,,
Project:name:idr0096-tratwal-marrowquant/experimentA/Dataset:name:Test-ome-tiffs/uod/idr/filesets/idr0096-tratwal-marrowquant/20210609-ftp-ome-tiffs/m6 lumbar (20x #7).ome.tiff,m6 lumbar (20x #7).ome.tiff,0,,683537.518,31931.816,102166.975,689956.594,1614969.472,67232.52,40144.05,79.687,3.723,11.911,4.68,95.537,120,1.00E+09,0.3,335,339,335,,,,
Project:name:idr0096-tratwal-marrowquant/experimentA/Dataset:name:Test-ome-tiffs/uod/idr/filesets/idr0096-tratwal-marrowquant/20210609-ftp-ome-tiffs/m6 lumbar (20x #7).ome.tiff,m6 lumbar (20x #7).ome.tiff,1,,586129.218,39109.77,115718.359,577273.745,1510526.215,121838.51,70456.613,72.236,4.82,14.261,8.683,93.745,120,1.00E+09,0.3,438,442,438,,,,
Project:name:idr0096-tratwal-marrowquant/experimentA/Dataset:name:Test-ome-tiffs/uod/idr/filesets/idr0096-tratwal-marrowquant/20210609-ftp-ome-tiffs/m6 lumbar (20x #7).ome.tiff,m6 lumbar (20x #7).ome.tiff,2,,467784.268,40969.876,76325.199,472173.965,1225698.655,118946.851,49498.496,73.716,6.456,12.028,7.8,91.947,120,1.00E+09,0.3,423,427,423,,,,
Project:name:idr0096-tratwal-marrowquant/experimentA/Dataset:name:Test-ome-tiffs/uod/idr/filesets/idr0096-tratwal-marrowquant/20210609-ftp-ome-tiffs/m7 lumbar (20x #4).ome.tiff,m7 lumbar (20x #4).ome.tiff,0,,424698.591,87709.636,68133.443,373391.202,1093730.633,64536.962,75260.798,64.76,13.374,10.389,11.476,82.883,120,1.00E+09,0.3,595,599,595,,,,
Project:name:idr0096-tratwal-marrowquant/experimentA/Dataset:name:Test-ome-tiffs/uod/idr/filesets/idr0096-tratwal-marrowquant/20210609-ftp-ome-tiffs/m7 lumbar (20x #4).ome.tiff,m7 lumbar (20x #4).ome.tiff,1,,741274.52,106205.554,131299.14,519329.219,1685700.564,102658.589,84933.543,69.687,9.984,12.343,7.985,87.468,120,1.00E+09,0.3,729,733,729,,,,
Project:name:idr0096-tratwal-marrowquant/experimentA/Dataset:name:Test-ome-tiffs/uod/idr/filesets/idr0096-tratwal-marrowquant/20210609-ftp-ome-tiffs/m7 lumbar (20x #4).ome.tiff,m7 lumbar (20x #4).ome.tiff,2,,901453.917,53146.52,149699.963,378412.202,1663020.241,99940.439,80367.2,76.093,4.486,12.636,6.784,94.433,120,1.00E+09,0.3,454,458,454,,,,
Project:name:idr0096-tratwal-marrowquant/experimentA/Dataset:name:Test-ome-tiffs/uod/idr/filesets/idr0096-tratwal-marrowquant/20210609-ftp-ome-tiffs/m8 lumbar (20x #6).ome.tiff,m8 lumbar (20x #6).ome.tiff,0,,950381.112,27186.242,134837.598,958354.019,2168922.985,19487.501,78676.513,79.791,2.282,11.321,6.605,97.219,120,1.00E+09,0.3,294,298,294,,,,
Project:name:idr0096-tratwal-marrowquant/experimentA/Dataset:name:Test-ome-tiffs/uod/idr/filesets/idr0096-tratwal-marrowquant/20210609-ftp-ome-tiffs/m8 lumbar (20x #6).ome.tiff,m8 lumbar (20x #6).ome.tiff,1,,890270.494,117210.475,203632.446,561960.58,2143203.287,277978.01,92151.282,68.311,8.994,15.625,7.071,88.366,120,1.00E+09,0.3,813,817,813,,,,
Project:name:idr0096-tratwal-marrowquant/experimentA/Dataset:name:Test-ome-tiffs/uod/idr/filesets/idr0096-tratwal-marrowquant/20210609-ftp-ome-tiffs/m8 lumbar (20x #6).ome.tiff,m8 lumbar (20x #6).ome.tiff,2,,925745.363,76482.465,162160.779,568881.718,1937251.578,75357.599,128623.655,71.596,5.915,12.541,9.948,92.369,120,1.00E+09,0.3,639,643,639,,,,
Project:name:idr0096-tratwal-marrowquant/experimentA/Dataset:name:Test-ome-tiffs/uod/idr/filesets/idr0096-tratwal-marrowquant/20210609-ftp-ome-tiffs/PA d10 RF3 (20x_01).ome.tiff,PA d10 RF3 (20x_01).ome.tiff,0,,2854364.227,3754137.39,2275418.091,5215523.648,17787260.29,1677213.036,2010603.902,26.2,34.459,20.886,18.455,43.192,120,1.00E+09,0.3,10975,10979,10975,,,,
Project:name:idr0096-tratwal-marrowquant/experimentA/Dataset:name:Test-ome-tiffs/uod/idr/filesets/idr0096-tratwal-marrowquant/20210609-ftp-ome-tiffs/PA d10 RT 1 (20x_01).ome.tiff,PA d10 RT 1 (20x_01).ome.tiff,0,,2183793.954,1944038.098,883606.633,7525246.751,14717538.12,615130.082,1565722.604,33.203,29.557,13.434,23.805,52.904,120,1.00E+09,0.3,4410,4414,4410,,,,
Project:name:idr0096-tratwal-marrowquant/experimentA/Dataset:name:Test-ome-tiffs/uod/idr/filesets/idr0096-tratwal-marrowquant/20210609-ftp-ome-tiffs/PA d10 RT 2 (20x_01).ome.tiff,PA d10 RT 2 (20x_01).ome.tiff,0,,1693674.996,2232312.916,454676.102,6016298.881,12289360.96,1320162.437,572235.629,34.196,45.071,9.18,11.554,43.14,120,1.00E+09,0.3,4651,4655,4651,,,,
Project:name:idr0096-tratwal-marrowquant/experimentA/Dataset:name:Test-ome-tiffs/uod/idr/filesets/idr0096-tratwal-marrowquant/20210609-ftp-ome-tiffs/PA d10 RT3 (20x_01).ome.tiff,PA d10 RT3 (20x_01).ome.tiff,0,,1696701.764,2311088.598,567378.582,5352736.227,11320277.32,463977.038,928395.108,30.829,41.993,10.309,16.869,42.335,120,1.00E+09,0.3,6267,6271,6267,,,,
Project:name:idr0096-tratwal-marrowquant/experimentA/Dataset:name:Test-ome-tiffs/uod/idr/filesets/idr0096-tratwal-marrowquant/20210609-ftp-ome-tiffs/4002_d14_m6_LF_1 (20x_02).ome.tiff,4002_d14_m6_LF_1 (20x_02).ome.tiff,0,,3764367.924,2822840.313,1996305.645,4818977.021,16049673.95,719318.082,1927864.967,35.812,26.855,18.992,18.341,57.147,120,1.00E+09,0.3,7488,7492,7488,,,,
Project:name:idr0096-tratwal-marrowquant/experimentA/Dataset:name:Test-ome-tiffs/uod/idr/filesets/idr0096-tratwal-marrowquant/20210609-ftp-ome-tiffs/Image_03 (20x_01).ome.tiff,Image_03 (20x_01).ome.tiff,0,,2199743.142,3578805.832,627308.023,4265911.831,12951583.79,1349118.965,930696.001,29.983,48.78,8.55,12.686,38.067,120,1.00E+09,0.3,7188,7192,7188,,,,
Project:name:idr0096-tratwal-marrowquant/experimentA/Dataset:name:Test-ome-tiffs/uod/idr/filesets/idr0096-tratwal-marrowquant/20210609-ftp-ome-tiffs/Image_06 (20x).ome.tiff,Image_06 (20x).ome.tiff,0,,2293862.687,3951625.694,369560.066,4126462.841,11781455.59,515255.26,524689.041,32.128,55.347,5.176,7.349,36.728,120,1.00E+09,0.3,7553,7557,7553,,,,
Project:name:idr0096-tratwal-marrowquant/experimentA/Dataset:name:Test-ome-tiffs/uod/idr/filesets/idr0096-tratwal-marrowquant/20210609-ftp-ome-tiffs/Image_07 (20x).ome.tiff,Image_07 (20x).ome.tiff,0,,1489849.792,2777777.185,809837.681,4444936.551,10965947.11,246907.738,1196638.159,23.746,44.274,12.908,19.073,34.91,120,1.00E+09,0.3,6803,6807,6803,,,,
Project:name:idr0096-tratwal-marrowquant/experimentA/Dataset:name:Test-ome-tiffs/uod/idr/filesets/idr0096-tratwal-marrowquant/20210609-ftp-ome-tiffs/Image_08 (20x).ome.tiff,Image_08 (20x).ome.tiff,0,,1163995.846,4765101.824,1192540.388,2387409.315,12594407.49,770641.278,2314718.841,12.335,50.497,12.638,24.53,19.632,120,1.00E+09,0.3,9077,9081,9077,,,,
Project:name:idr0096-tratwal-marrowquant/experimentA/Dataset:name:Test-ome-tiffs/uod/idr/filesets/idr0096-tratwal-marrowquant/20210609-ftp-ome-tiffs/Image_09 (20x).ome.tiff,Image_09 (20x).ome.tiff,0,,1956393.946,4504071.242,234280.9,5063507.084,12586812.55,191259.807,637299.573,26.683,61.43,3.195,8.692,30.283,120,1.00E+09,0.3,6838,6842,6838,,,,
Project:name:idr0096-tratwal-marrowquant/experimentA/Dataset:name:Test-ome-tiffs/uod/idr/filesets/idr0096-tratwal-marrowquant/20210609-ftp-ome-tiffs/Image_10 (20x).ome.tiff,Image_10 (20x).ome.tiff,0,,1097818.45,2547050.482,481377.464,3876120.957,10377656.53,1647694.244,727594.93,22.618,52.475,9.917,14.99,30.12,120,1.00E+09,0.3,5684,5688,5684,,,,
Project:name:idr0096-tratwal-marrowquant/experimentA/Dataset:name:Test-ome-tiffs/uod/idr/filesets/idr0096-tratwal-marrowquant/20210609-ftp-ome-tiffs/PA d13 RF1 (20x_01).ome.tiff,PA d13 RF1 (20x_01).ome.tiff,0,,2394136.228,2730724.514,1384185.448,4438150.18,14075442.63,1928697.236,1199549.026,31.058,35.424,17.956,15.561,46.716,120,1.00E+09,0.3,7224,7228,7224,,,,
Project:name:idr0096-tratwal-marrowquant/experimentA/Dataset:name:Test-ome-tiffs/uod/idr/filesets/idr0096-tratwal-marrowquant/20210609-ftp-ome-tiffs/PA d13 RF2 (20x_01).ome.tiff,PA d13 RF2 (20x_01).ome.tiff,0,,3839289.366,1589728.334,1645204.098,4240507.329,14044113.11,874747.082,1854636.903,42.999,17.804,18.426,20.771,70.718,120,1.00E+09,0.3,7781,7785,7781,,,,
Project:name:idr0096-tratwal-marrowquant/experimentA/Dataset:name:Test-ome-tiffs/uod/idr/filesets/idr0096-tratwal-marrowquant/20210609-ftp-ome-tiffs/PA d13 RF3 (20x_01).ome.tiff,PA d13 RF3 (20x_01).ome.tiff,0,,1468147.074,3722647.963,2462951.142,2641636.205,13113317.82,440457.214,2377478.224,14.636,37.111,24.553,23.701,28.284,120,1.00E+09,0.3,9323,9327,9323,,,,
Project:name:idr0096-tratwal-marrowquant/experimentA/Dataset:name:Test-ome-tiffs/uod/idr/filesets/idr0096-tratwal-marrowquant/20210609-ftp-ome-tiffs/PA d13 RT1 (20x_01).ome.tiff,PA d13 RT1 (20x_01).ome.tiff,0,,1413909.121,3159752.631,971257.741,5086334.48,12059506.72,266274.918,1161977.829,21.081,47.112,14.481,17.325,30.914,120,1.00E+09,0.3,6106,6110,6106,,,,
Project:name:idr0096-tratwal-marrowquant/experimentA/Dataset:name:Test-ome-tiffs/uod/idr/filesets/idr0096-tratwal-marrowquant/20210609-ftp-ome-tiffs/PA d13 RT2 (20x_01).ome.tiff,PA d13 RT2 (20x_01).ome.tiff,0,,1906757.748,2183381.594,631554.458,5124470.985,11264091.32,595275.415,822651.118,34.391,39.38,11.391,14.838,46.618,120,1.00E+09,0.3,6126,6130,6126,,,,
Project:name:idr0096-tratwal-marrowquant/experimentA/Dataset:name:Test-ome-tiffs/uod/idr/filesets/idr0096-tratwal-marrowquant/20210609-ftp-ome-tiffs/PA d13 RT3 (20x_02).ome.tiff,PA d13 RT3 (20x_02).ome.tiff,0,,1151917.284,2897442.992,1048698.12,4920793.91,13205957.24,1952458.566,1234646.372,18.19,45.754,16.56,19.496,28.447,120,1.00E+09,0.3,7431,7435,7431,,,,
Project:name:idr0096-tratwal-marrowquant/experimentA/Dataset:name:Test-ome-tiffs/uod/idr/filesets/idr0096-tratwal-marrowquant/20210609-ftp-ome-tiffs/21_D21_RF (20x).ome.tiff,21_D21_RF (20x).ome.tiff,0,,2840573.574,3589017.936,1549959.237,3262392.937,14173900.09,826539.876,2105416.53,28.166,35.588,15.369,20.877,44.18,120,1.00E+09,0.3,10045,10049,10045,,,,
Project:name:idr0096-tratwal-marrowquant/experimentA/Dataset:name:Test-ome-tiffs/uod/idr/filesets/idr0096-tratwal-marrowquant/20210609-ftp-ome-tiffs/25_D21_RF (20x).ome.tiff,25_D21_RF (20x).ome.tiff,0,,3404198.776,5355460.855,1454134.408,199228.034,16473751.19,1044457.813,5016271.305,22.352,35.164,9.548,32.937,38.862,120,1.00E+09,0.3,12759,12763,12759,,,,
Project:name:idr0096-tratwal-marrowquant/experimentA/Dataset:name:Test-ome-tiffs/uod/idr/filesets/idr0096-tratwal-marrowquant/20210609-ftp-ome-tiffs/28_D21_RF (20x).ome.tiff,28_D21_RF (20x).ome.tiff,0,,4329431.706,4395258.72,739946.975,105035.839,16024094.74,1151253.232,5303168.269,29.317,29.762,5.011,35.91,49.623,120,1.00E+09,0.3,9358,9362,9358,,,,
Project:name:idr0096-tratwal-marrowquant/experimentA/Dataset:name:Test-ome-tiffs/uod/idr/filesets/idr0096-tratwal-marrowquant/20210609-ftp-ome-tiffs/ImageRF_D20_I (20x_01).ome.tiff,ImageRF_D20_I (20x_01).ome.tiff,0,,1265118.404,4616956.823,1833078.412,3098202.566,12933559.7,670192.969,1450010.528,13.804,50.375,20,15.821,21.508,120,1.00E+09,0.3,8945,8949,8945,,,,
Project:name:idr0096-tratwal-marrowquant/experimentA/Dataset:name:Test-ome-tiffs/uod/idr/filesets/idr0096-tratwal-marrowquant/20210609-ftp-ome-tiffs/ImageRF_D20_II (20x_02).ome.tiff,ImageRF_D20_II (20x_02).ome.tiff,0,,1784029.942,3892844.71,1833508.97,3014569.441,12935639.34,730828.84,1679857.436,19.412,42.358,19.951,18.279,31.426,120,1.00E+09,0.3,7330,7334,7330,,,,
Project:name:idr0096-tratwal-marrowquant/experimentA/Dataset:name:Test-ome-tiffs/uod/idr/filesets/idr0096-tratwal-marrowquant/20210609-ftp-ome-tiffs/ImageY2R_D20 (20x).ome.tiff,ImageY2R_D20 (20x).ome.tiff,0,,2653300.476,2343297.708,1589611.336,5602725.431,14231936.92,227773.329,1815228.645,31.582,27.892,18.921,21.606,53.102,120,1.00E+09,0.3,6791,6795,6791,,,,
Project:name:idr0096-tratwal-marrowquant/experimentA/Dataset:name:Test-ome-tiffs/uod/idr/filesets/idr0096-tratwal-marrowquant/20210609-ftp-ome-tiffs/Image_21 (20x).ome.tiff,Image_21 (20x).ome.tiff,0,,1510434.411,2815427.725,620606.241,4704674.428,11347766.28,886755.354,809868.123,26.24,48.91,10.781,14.069,34.916,120,1.00E+09,0.3,5929,5933,5929,,,,
Project:name:idr0096-tratwal-marrowquant/experimentA/Dataset:name:Test-ome-tiffs/uod/idr/filesets/idr0096-tratwal-marrowquant/20210609-ftp-ome-tiffs/Image_22 (20x).ome.tiff,Image_22 (20x).ome.tiff,0,,3163868.229,1836424.37,918245.423,5802902.418,13056893.71,410423.592,925029.676,46.231,26.834,13.418,13.517,63.274,120,1.00E+09,0.3,5545,5549,5545,,,,
Project:name:idr0096-tratwal-marrowquant/experimentA/Dataset:name:Test-ome-tiffs/uod/idr/filesets/idr0096-tratwal-marrowquant/20210609-ftp-ome-tiffs/Image_23 (20x).ome.tiff,Image_23 (20x).ome.tiff,0,,3228514.857,2411568.727,831855.535,5507211.345,13224912,461548.275,784213.266,44.493,33.235,11.464,10.808,57.242,120,1.00E+09,0.3,6253,6257,6253,,,,
Project:name:idr0096-tratwal-marrowquant/experimentA/Dataset:name:Test-ome-tiffs/uod/idr/filesets/idr0096-tratwal-marrowquant/20210609-ftp-ome-tiffs/Image_24 (20x).ome.tiff,Image_24 (20x).ome.tiff,0,,2505438.771,2504388.484,1042169.997,5315003.171,12771980.7,349181.69,1055798.59,35.249,35.234,14.662,14.854,50.01,120,1.00E+09,0.3,6300,6304,6300,,,,
Project:name:idr0096-tratwal-marrowquant/experimentA/Dataset:name:Test-ome-tiffs/uod/idr/filesets/idr0096-tratwal-marrowquant/20210609-ftp-ome-tiffs/Image_25 (20x).ome.tiff,Image_25 (20x).ome.tiff,0,,3080158.144,1999628.184,935529.144,5661924.415,13133684.64,627445.451,828999.303,45.003,29.216,13.669,12.112,60.636,120,1.00E+09,0.3,6075,6079,6075,,,,
Project:name:idr0096-tratwal-marrowquant/experimentA/Dataset:name:Test-ome-tiffs/uod/idr/filesets/idr0096-tratwal-marrowquant/20210609-ftp-ome-tiffs/Image_26 (20x).ome.tiff,Image_26 (20x).ome.tiff,0,,2575217.717,3259296.098,1159284.334,5469506.52,13936405.64,273800.725,1199300.247,31.432,39.781,14.15,14.638,44.138,120,1.00E+09,0.3,8138,8142,8138,,,,
Project:name:idr0096-tratwal-marrowquant/experimentA/Dataset:name:Test-ome-tiffs/uod/idr/filesets/idr0096-tratwal-marrowquant/20210609-ftp-ome-tiffs/Image_27 (20x).ome.tiff,Image_27 (20x).ome.tiff,0,,612163.494,1220386.025,58195.198,1642804.039,3921247.076,266878.205,120820.115,30.432,60.668,2.893,6.006,33.405,120,1.00E+09,0.3,1654,1658,1654,,,,
Project:name:idr0096-tratwal-marrowquant/experimentA/Dataset:name:Test-ome-tiffs/uod/idr/filesets/idr0096-tratwal-marrowquant/20210609-ftp-ome-tiffs/Image_28 (20x).ome.tiff,Image_28 (20x).ome.tiff,0,,3841557.414,1794404.252,661141.387,5094922.307,12546686.31,281658.148,873002.803,53.577,25.026,9.221,12.176,68.162,120,1.00E+09,0.3,4955,4959,4955,,,,
Project:name:idr0096-tratwal-marrowquant/experimentA/Dataset:name:Test-ome-tiffs/uod/idr/filesets/idr0096-tratwal-marrowquant/20210609-ftp-ome-tiffs/Image_29 (20x).ome.tiff,Image_29 (20x).ome.tiff,0,,3026709.362,3983939.915,683381.206,6338721.037,14835068.76,49811.058,752506.184,35.834,47.167,8.091,8.909,43.173,120,1.00E+09,0.3,6985,6989,6985,,,,
Project:name:idr0096-tratwal-marrowquant/experimentA/Dataset:name:Test-ome-tiffs/uod/idr/filesets/idr0096-tratwal-marrowquant/20210609-ftp-ome-tiffs/Image_30 (20x).ome.tiff,Image_30 (20x).ome.tiff,0,,3291312.425,2719565.923,522114.965,5435703.676,13282041.03,320919.826,992424.22,43.736,36.138,6.938,13.188,54.756,120,1.00E+09,0.3,5570,5574,5570,,,,
Project:name:idr0096-tratwal-marrowquant/experimentA/Dataset:name:Test-ome-tiffs/uod/idr/filesets/idr0096-tratwal-marrowquant/20210609-ftp-ome-tiffs/Image_31 (20x).ome.tiff,Image_31 (20x).ome.tiff,0,,3472630.068,2511804.007,679399.339,5541983.975,12972429.41,120129.761,646482.261,47.503,34.36,9.294,8.843,58.028,120,1.00E+09,0.3,5668,5672,5668,,,,
Project:name:idr0096-tratwal-marrowquant/experimentA/Dataset:name:Test-ome-tiffs/uod/idr/filesets/idr0096-tratwal-marrowquant/20210609-ftp-ome-tiffs/Ms15_D21_RF (20x).ome.tiff,Ms15_D21_RF (20x).ome.tiff,0,,5980086.475,4663638.368,1127105.81,3317352.953,17025892.77,418892.422,1518816.738,44.998,35.092,8.481,11.429,56.184,120,1.00E+09,0.3,10526,10530,10526,,,,
Project:name:idr0096-tratwal-marrowquant/experimentA/Dataset:name:Test-ome-tiffs/uod/idr/filesets/idr0096-tratwal-marrowquant/20210609-ftp-ome-tiffs/Ms6_D21_RF (20x).ome.tiff,Ms6_D21_RF (20x).ome.tiff,0,,3731821.173,4505934.513,1229732.274,11525.43,17574560.46,2089564.303,6005982.761,24.118,29.12,7.947,38.815,45.301,120,1.00E+09,0.3,10288,10292,10288,,,,
Project:name:idr0096-tratwal-marrowquant/experimentA/Dataset:name:Test-ome-tiffs/uod/idr/filesets/idr0096-tratwal-marrowquant/20210609-ftp-ome-tiffs/ms10_D21_RF (20x).ome.tiff,ms10_D21_RF (20x).ome.tiff,0,,2676273.872,2788511.962,1151616.327,3937533.507,13051842.88,1041921.587,1455985.621,33.153,34.544,14.266,18.037,48.973,120,1.00E+09,0.3,6656,6660,6656,,,,
Project:name:idr0096-tratwal-marrowquant/experimentA/Dataset:name:Test-ome-tiffs/uod/idr/filesets/idr0096-tratwal-marrowquant/20210609-ftp-ome-tiffs/ms12_D21_RF (20x).ome.tiff,ms12_D21_RF (20x).ome.tiff,0,,4068862.69,4738709.088,2113703.187,3022699.499,17500884.41,975502.341,2581407.607,30.134,35.095,15.654,19.118,46.197,120,1.00E+09,0.3,10702,10706,10702,,,,
Project:name:idr0096-tratwal-marrowquant/experimentA/Dataset:name:Test-ome-tiffs/uod/idr/filesets/idr0096-tratwal-marrowquant/20210609-ftp-ome-tiffs/ms17_D21_RF (20x).ome.tiff,ms17_D21_RF (20x).ome.tiff,0,,5403924.714,2412948.31,1849382.023,2837849.051,15965842.93,988332.009,2473406.826,44.515,19.877,15.234,20.375,69.132,120,1.00E+09,0.3,8809,8813,8809,,,,
Project:name:idr0096-tratwal-marrowquant/experimentA/Dataset:name:Test-ome-tiffs/uod/idr/filesets/idr0096-tratwal-marrowquant/20210609-ftp-ome-tiffs/ms18_D21_RF (20x).ome.tiff,ms18_D21_RF (20x).ome.tiff,0,,3581795.406,4812032.696,1167971.11,1244158.159,15351328.48,450101.844,4095269.265,26.227,35.235,8.552,29.986,42.672,120,1.00E+09,0.3,10998,11002,10998,,,,
Project:name:idr0096-tratwal-marrowquant/experimentA/Dataset:name:Test-ome-tiffs/uod/idr/filesets/idr0096-tratwal-marrowquant/20210609-ftp-ome-tiffs/3993_d28_m12_LF_2 (20x_01).ome.tiff,3993_d28_m12_LF_2 (20x_01).ome.tiff,0,,6040561.291,1779648.961,1193953.818,4598497.84,16371180.71,1489675.454,1268843.342,58.743,17.307,11.611,12.339,77.243,120,1.00E+09,0.3,5712,5716,5712,,,,
Project:name:idr0096-tratwal-marrowquant/experimentA/Dataset:name:Test-ome-tiffs/uod/idr/filesets/idr0096-tratwal-marrowquant/20210609-ftp-ome-tiffs/3993_d28_m12_LT_1 (20x_01).ome.tiff,3993_d28_m12_LT_1 (20x_01).ome.tiff,0,,3801007.331,2090833.537,476281.661,6282682.363,14036388.44,733100.814,652482.734,54.141,29.781,6.784,9.294,64.513,120,1.00E+09,0.3,4677,4681,4677,,,,
Project:name:idr0096-tratwal-marrowquant/experimentA/Dataset:name:Test-ome-tiffs/uod/idr/filesets/idr0096-tratwal-marrowquant/20210609-ftp-ome-tiffs/3993_d28_m12_LT_2 (20x_01).ome.tiff,3993_d28_m12_LT_2 (20x_01).ome.tiff,0,,3362140.882,5819340.039,715688.983,4906600.497,16078587.45,544961.644,729855.409,31.638,54.76,6.735,6.868,36.619,120,1.00E+09,0.3,4380,4384,4380,,,,
Project:name:idr0096-tratwal-marrowquant/experimentA/Dataset:name:Test-ome-tiffs/uod/idr/filesets/idr0096-tratwal-marrowquant/20210609-ftp-ome-tiffs/ImageRF_D25_I (20x_01).ome.tiff,ImageRF_D25_I (20x_01).ome.tiff,0,,2125807.337,4059310.857,1448767.719,1478362.063,11470799.27,881467.512,1477083.785,23.332,44.554,15.901,16.212,34.37,120,1.00E+09,0.3,9722,9726,9722,,,,
Project:name:idr0096-tratwal-marrowquant/experimentA/Dataset:name:Test-ome-tiffs/uod/idr/filesets/idr0096-tratwal-marrowquant/20210609-ftp-ome-tiffs/ImageRF_D25_II (20x_01).ome.tiff,ImageRF_D25_II (20x_01).ome.tiff,0,,1957605.997,1861353.827,703475.752,3220631.585,8606178.51,114518.911,748592.439,37.139,35.313,13.346,14.202,51.26,120,1.00E+09,0.3,4289,4293,4289,,,,
Project:name:idr0096-tratwal-marrowquant/experimentA/Dataset:name:Test-ome-tiffs/uod/idr/filesets/idr0096-tratwal-marrowquant/20210609-ftp-ome-tiffs/ImageY2R_D25 (20x).ome.tiff,ImageY2R_D25 (20x).ome.tiff,0,,6875008.811,877534.889,528185.415,3120234.154,11877580.6,64868.713,411748.622,79.091,10.095,6.076,4.737,88.681,120,1.00E+09,0.3,2804,2808,2804,,,,
Project:name:idr0096-tratwal-marrowquant/experimentA/Dataset:name:Test-ome-tiffs/uod/idr/filesets/idr0096-tratwal-marrowquant/20210609-ftp-ome-tiffs/ImageY2R_D30 (20x).ome.tiff,ImageY2R_D30 (20x).ome.tiff,0,,1460268.837,1007959.542,160385.863,3403088.707,6492244.654,190462.686,270079.019,50.377,34.773,5.533,9.317,59.163,120,1.00E+09,0.3,2058,2062,2058,,,,
Project:name:idr0096-tratwal-marrowquant/experimentA/Dataset:name:Test-ome-tiffs/uod/idr/filesets/idr0096-tratwal-marrowquant/20210609-ftp-ome-tiffs/ImageY2R_D30_I (20x).ome.tiff,ImageY2R_D30_I (20x).ome.tiff,0,,4920423.988,1040074.587,623602.016,3985053.546,12144675.03,1104157.891,471362.997,69.739,14.741,8.839,6.681,82.551,120,1.00E+09,0.3,4364,4368,4364,,,,
Project:name:idr0096-tratwal-marrowquant/experimentA/Dataset:name:Test-ome-tiffs/uod/idr/filesets/idr0096-tratwal-marrowquant/20210609-ftp-ome-tiffs/ImageY2R_D30_II (20x_02).ome.tiff,ImageY2R_D30_II (20x_02).ome.tiff,0,,4304885.197,2994544.326,640382.11,4066500.96,13626295.82,1048012.761,571970.461,50.576,35.181,7.523,6.72,58.976,120,1.00E+09,0.3,7092,7096,7092,,,,
Project:name:idr0096-tratwal-marrowquant/experimentA/Dataset:name:Test-ome-tiffs/uod/idr/filesets/idr0096-tratwal-marrowquant/20210609-ftp-ome-tiffs/3991_d42_m4_LF_1 (20x_02).ome.tiff,3991_d42_m4_LF_1 (20x_02).ome.tiff,0,,6350427.252,1927235.838,1060572.89,4215578.548,15017870.92,485484.06,978572.33,61.554,18.681,10.28,9.485,76.718,120,1.00E+09,0.3,4824,4828,4824,,,,
Project:name:idr0096-tratwal-marrowquant/experimentA/Dataset:name:Test-ome-tiffs/uod/idr/filesets/idr0096-tratwal-marrowquant/20210609-ftp-ome-tiffs/3991_d42_m4_LT_1 (20x_01).ome.tiff,3991_d42_m4_LT_1 (20x_01).ome.tiff,0,,4622764.302,2822954.901,476832.65,5224649.545,13703351.64,60619.32,495530.917,54.915,33.534,5.664,5.887,62.086,120,1.00E+09,0.3,4009,4013,4009,,,,
Project:name:idr0096-tratwal-marrowquant/experimentA/Dataset:name:Test-ome-tiffs/uod/idr/filesets/idr0096-tratwal-marrowquant/20210609-ftp-ome-tiffs/3995_d35_m3_LF_1 (20x_01).ome.tiff,3995_d35_m3_LF_1 (20x_01).ome.tiff,0,,5485201.467,2002846.041,920045.003,5083468.685,16187207.85,1724235.482,971411.175,58.481,21.353,9.809,10.357,73.253,120,1.00E+09,0.3,4819,4823,4819,,,,
Project:name:idr0096-tratwal-marrowquant/experimentA/Dataset:name:Test-ome-tiffs/uod/idr/filesets/idr0096-tratwal-marrowquant/20210609-ftp-ome-tiffs/ImageY2R_D35_II (20x).ome.tiff,ImageY2R_D35_II (20x).ome.tiff,0,,6845261.845,825170.497,735402.466,4359718.199,14524836.6,1201506.984,557776.612,76.367,9.206,8.204,6.223,89.242,120,1.00E+09,0.3,3211,3215,3211,,,,
Project:name:idr0096-tratwal-marrowquant/experimentA/Dataset:name:Test-ome-tiffs/uod/idr/filesets/idr0096-tratwal-marrowquant/20210609-ftp-ome-tiffs/ImageY2R_D35_I (20x).ome.tiff,ImageY2R_D35_I (20x).ome.tiff,0,,1941974.258,3484529.362,1530148.068,3733806.705,12637571.42,1524513.038,422599.984,26.317,47.221,20.736,5.727,35.787,120,1.00E+09,0.3,8328,8332,8328,,,,
Project:name:idr0096-tratwal-marrowquant/experimentA/Dataset:name:Test-ome-tiffs/uod/idr/filesets/idr0096-tratwal-marrowquant/20210609-ftp-ome-tiffs/ImageY2R_D35 (20x).ome.tiff,ImageY2R_D35 (20x).ome.tiff,0,,5335287.681,1476019.2,864520.055,3282183.844,12708517.77,1174881.837,575625.154,64.659,17.888,10.477,6.976,78.33,120,1.00E+09,0.3,4564,4568,4564,,,,
Project:name:idr0096-tratwal-marrowquant/experimentA/Dataset:name:Test-ome-tiffs/uod/idr/filesets/idr0096-tratwal-marrowquant/20210609-ftp-ome-tiffs/ImageY2R_D40 (20x).ome.tiff,ImageY2R_D40 (20x).ome.tiff,0,,6813371.229,4114257.1,394853.24,147731.441,15062252.48,1318547.209,2273492.261,50.113,30.261,2.904,16.722,62.35,120,1.00E+09,0.3,7148,7152,7148,,,,
Project:name:idr0096-tratwal-marrowquant/experimentA/Dataset:name:Test-ome-tiffs/uod/idr/filesets/idr0096-tratwal-marrowquant/20210609-ftp-ome-tiffs/ImageY2R_D40_I (20x).ome.tiff,ImageY2R_D40_I (20x).ome.tiff,0,,3341404.735,1323552.967,385418.728,2693704.932,8159688.043,78314.168,337292.512,62.019,24.566,7.154,6.26,71.628,120,1.00E+09,0.3,3912,3916,3912,,,,
Project:name:idr0096-tratwal-marrowquant/experimentA/Dataset:name:Test-ome-tiffs/uod/idr/filesets/idr0096-tratwal-marrowquant/20210609-ftp-ome-tiffs/ImageY2R_D40_II (20x_02).ome.tiff,ImageY2R_D40_II (20x_02).ome.tiff,0,,1248286.924,1435274.844,416793.975,1633362.627,5181607.509,98996.244,348892.895,36.19,41.611,12.084,10.115,46.516,120,1.00E+09,0.3,3496,3500,3496,,,,
Project:name:idr0096-tratwal-marrowquant/experimentA/Dataset:name:Test-ome-tiffs/uod/idr/filesets/idr0096-tratwal-marrowquant/20210609-ftp-ome-tiffs/ImageY2R_D45_II (20x).ome.tiff,ImageY2R_D45_II (20x).ome.tiff,0,,4095187.234,815880.631,752845.904,3142419.257,10412690.99,662492.076,943865.891,61.975,12.347,11.393,14.284,83.387,120,1.00E+09,0.3,3986,3990,3986,,,,
Project:name:idr0096-tratwal-marrowquant/experimentA/Dataset:name:Test-ome-tiffs/uod/idr/filesets/idr0096-tratwal-marrowquant/20210609-ftp-ome-tiffs/PA d17 Cd-S 1 (20x_01).ome.tiff,PA d17 Cd-S 1 (20x_01).ome.tiff,3,CD5,199138.13,109230.996,37177.639,424022.882,1035832.729,215898.536,50364.547,50.299,27.59,9.39,12.721,64.578,120,1.00E+09,0.3,318,322,318,,,,
Project:name:idr0096-tratwal-marrowquant/experimentA/Dataset:name:Test-ome-tiffs/uod/idr/filesets/idr0096-tratwal-marrowquant/20210609-ftp-ome-tiffs/PA d17 Cd-S 1 (20x_01).ome.tiff,PA d17 Cd-S 1 (20x_01).ome.tiff,1,CD4,59999.423,193560.622,13642.854,311226.88,681378.71,85794.629,17154.303,21.1,68.07,4.798,6.033,23.663,120,1.00E+09,0.3,310,314,310,,,,
Project:name:idr0096-tratwal-marrowquant/experimentA/Dataset:name:Test-ome-tiffs/uod/idr/filesets/idr0096-tratwal-marrowquant/20210609-ftp-ome-tiffs/PA d17 Cd-S 1 (20x_01).ome.tiff,PA d17 Cd-S 1 (20x_01).ome.tiff,2,CD3,192546.704,1051354.566,96824.394,795147.601,2223234.19,18366.892,68994.032,13.659,74.579,6.868,4.894,15.479,120,1.00E+09,0.3,1382,1386,1382,,,,
Project:name:idr0096-tratwal-marrowquant/experimentA/Dataset:name:Test-ome-tiffs/uod/idr/filesets/idr0096-tratwal-marrowquant/20210609-ftp-ome-tiffs/PA d17 Cd-S 1 (20x_01).ome.tiff,PA d17 Cd-S 1 (20x_01).ome.tiff,4,CD2,171265.922,993900.481,77036.698,838312.915,2153204.372,19150.317,53538.04,13.218,76.705,5.945,4.132,14.699,120,1.00E+09,0.3,1020,1024,1020,,,,
Project:name:idr0096-tratwal-marrowquant/experimentA/Dataset:name:Test-ome-tiffs/uod/idr/filesets/idr0096-tratwal-marrowquant/20210609-ftp-ome-tiffs/PA d17 Cd-S 1 (20x_01).ome.tiff,PA d17 Cd-S 1 (20x_01).ome.tiff,0,CD1,146268.718,1797460.344,53682.08,582458.618,2638544.261,14023.757,44650.744,7.163,88.022,2.629,2.187,7.525,120,1.00E+09,0.3,1042,1046,1042,,,,
Project:name:idr0096-tratwal-marrowquant/experimentA/Dataset:name:Test-ome-tiffs/uod/idr/filesets/idr0096-tratwal-marrowquant/20210609-ftp-ome-tiffs/PA d17 Cd 2 (20x).ome.tiff,PA d17 Cd 2 (20x).ome.tiff,1,L4,264938.046,351442.053,401345.778,484888.566,2410324.098,448214.355,459495.299,17.935,23.791,27.169,31.105,42.983,120,1.00E+09,0.3,1371,1375,1371,,,,
Project:name:idr0096-tratwal-marrowquant/experimentA/Dataset:name:Test-ome-tiffs/uod/idr/filesets/idr0096-tratwal-marrowquant/20210609-ftp-ome-tiffs/PA d17 Cd 2 (20x).ome.tiff,PA d17 Cd 2 (20x).ome.tiff,2,L5,397771.232,220011.852,407214.55,442515.345,2093250.113,143640.715,482096.418,26.393,14.598,27.02,31.988,64.387,120,1.00E+09,0.3,1118,1122,1118,,,,
Project:name:idr0096-tratwal-marrowquant/experimentA/Dataset:name:Test-ome-tiffs/uod/idr/filesets/idr0096-tratwal-marrowquant/20210609-ftp-ome-tiffs/PA d17 Cd 2 (20x).ome.tiff,PA d17 Cd 2 (20x).ome.tiff,3,L6,255485.146,222754.573,336630.209,369458.53,1912585.003,370171.634,358084.91,21.781,18.991,28.699,30.528,53.422,120,1.00E+09,0.3,983,987,983,,,,
Project:name:idr0096-tratwal-marrowquant/experimentA/Dataset:name:Test-ome-tiffs/uod/idr/filesets/idr0096-tratwal-marrowquant/20210609-ftp-ome-tiffs/PA d17 Cd 2 (20x).ome.tiff,PA d17 Cd 2 (20x).ome.tiff,2,CD4,134836.766,555738.308,80854.143,654645.436,1623085.759,88562.326,108448.78,15.324,63.161,9.189,12.325,19.525,120,1.00E+09,0.3,1012,1016,1012,,,,
Project:name:idr0096-tratwal-marrowquant/experimentA/Dataset:name:Test-ome-tiffs/uod/idr/filesets/idr0096-tratwal-marrowquant/20210609-ftp-ome-tiffs/PA d17 Cd 2 (20x).ome.tiff,PA d17 Cd 2 (20x).ome.tiff,0,CD3,74985.342,474590.916,65517.06,504287.588,1328897.09,139919.868,69596.316,10.952,69.315,9.569,10.165,13.644,120,1.00E+09,0.3,679,683,679,,,,
Project:name:idr0096-tratwal-marrowquant/experimentA/Dataset:name:Test-ome-tiffs/uod/idr/filesets/idr0096-tratwal-marrowquant/20210609-ftp-ome-tiffs/PA d17 Cd 2 (20x).ome.tiff,PA d17 Cd 2 (20x).ome.tiff,3,CD2,80616.478,778413.512,3622.48,657581.753,1665874.21,39752.268,105887.718,8.324,80.37,0.374,10.933,9.385,120,1.00E+09,0.3,623,627,623,,,,
Project:name:idr0096-tratwal-marrowquant/experimentA/Dataset:name:Test-ome-tiffs/uod/idr/filesets/idr0096-tratwal-marrowquant/20210609-ftp-ome-tiffs/PA d17 Cd 2 (20x).ome.tiff,PA d17 Cd 2 (20x).ome.tiff,1,CD1,97293.304,1239685.584,98174.966,779586.506,3147741.547,854502.668,78498.521,6.428,81.9,6.486,5.186,7.277,120,1.00E+09,0.3,888,892,888,,,,
Project:name:idr0096-tratwal-marrowquant/experimentA/Dataset:name:Test-ome-tiffs/uod/idr/filesets/idr0096-tratwal-marrowquant/20210609-ftp-ome-tiffs/PA d17 Cd 3 (20x).ome.tiff,PA d17 Cd 3 (20x).ome.tiff,4,CD1,130030.763,1340332.726,127586.936,812347.259,2622735.955,152408.529,60029.742,7.843,80.841,7.695,3.621,8.843,120,1.00E+09,0.3,954,958,954,,,,
Project:name:idr0096-tratwal-marrowquant/experimentA/Dataset:name:Test-ome-tiffs/uod/idr/filesets/idr0096-tratwal-marrowquant/20210609-ftp-ome-tiffs/PA d17 Cd 3 (20x).ome.tiff,PA d17 Cd 3 (20x).ome.tiff,1,CD2,121934.508,709731.443,104507.626,652037.959,1896835.238,208549.806,100073.896,11.767,68.491,10.085,9.657,14.661,120,1.00E+09,0.3,875,879,875,,,,
Project:name:idr0096-tratwal-marrowquant/experimentA/Dataset:name:Test-ome-tiffs/uod/idr/filesets/idr0096-tratwal-marrowquant/20210609-ftp-ome-tiffs/PA d17 Cd 3 (20x).ome.tiff,PA d17 Cd 3 (20x).ome.tiff,0,CD3,111570.765,482329.029,79365.917,554244.628,1513151.56,199763.082,85878.139,14.697,63.536,10.455,11.312,18.786,120,1.00E+09,0.3,782,786,782,,,,
Project:name:idr0096-tratwal-marrowquant/experimentA/Dataset:name:Test-ome-tiffs/uod/idr/filesets/idr0096-tratwal-marrowquant/20210609-ftp-ome-tiffs/PA d17 Cd 3 (20x).ome.tiff,PA d17 Cd 3 (20x).ome.tiff,7,CD4,183421.195,593476.197,146919.045,500164.174,1855921.138,327726.349,104214.177,17.842,57.729,14.291,10.137,23.609,120,1.00E+09,0.3,1264,1268,1264,,,,
Project:name:idr0096-tratwal-marrowquant/experimentA/Dataset:name:Test-ome-tiffs/uod/idr/filesets/idr0096-tratwal-marrowquant/20210609-ftp-ome-tiffs/PA d17 Cd 3 (20x).ome.tiff,PA d17 Cd 3 (20x).ome.tiff,6,CD5,75572.714,180802.946,1571.716,750442.725,1230060.437,123490.248,98180.088,21.221,50.769,0.441,27.569,29.477,120,1.00E+09,0.3,303,307,303,,,,
Project:name:idr0096-tratwal-marrowquant/experimentA/Dataset:name:Test-ome-tiffs/uod/idr/filesets/idr0096-tratwal-marrowquant/20210609-ftp-ome-tiffs/PA d17 Cd 3 (20x).ome.tiff,PA d17 Cd 3 (20x).ome.tiff,2,L6,226114.374,328137.921,354899.264,493932.894,2185828.916,501224.538,281519.925,18.99,27.559,29.807,23.644,40.796,120,1.00E+09,0.3,1104,1108,1104,,,,
Project:name:idr0096-tratwal-marrowquant/experimentA/Dataset:name:Test-ome-tiffs/uod/idr/filesets/idr0096-tratwal-marrowquant/20210609-ftp-ome-tiffs/PA d17 Cd 3 (20x).ome.tiff,PA d17 Cd 3 (20x).ome.tiff,3,L5,287689.23,293113.568,340332.139,438246.223,1925029.65,150660.708,414987.782,21.532,21.938,25.472,31.059,49.533,120,1.00E+09,0.3,976,980,976,,,,
Project:name:idr0096-tratwal-marrowquant/experimentA/Dataset:name:Test-ome-tiffs/uod/idr/filesets/idr0096-tratwal-marrowquant/20210609-ftp-ome-tiffs/PA d17 Cd 3 (20x).ome.tiff,PA d17 Cd 3 (20x).ome.tiff,5,L4,729669.238,124579.591,109176.773,482225.525,1938015.028,317559.167,174804.734,64.106,10.945,9.592,15.358,85.416,120,1.00E+09,0.3,599,603,599,,,,
Project:name:idr0096-tratwal-marrowquant/experimentA/Dataset:name:Test-ome-tiffs/uod/idr/filesets/idr0096-tratwal-marrowquant/20210609-ftp-ome-tiffs/PA d17 Cd-S 4 (20x).ome.tiff,PA d17 Cd-S 4 (20x).ome.tiff,7,CD1,97562.693,1543865.741,98204.792,669631.1,2914471.204,415405.454,89801.424,5.333,84.39,5.368,4.909,5.944,120,1.00E+09,0.3,1109,1113,1109,,,,
Project:name:idr0096-tratwal-marrowquant/experimentA/Dataset:name:Test-ome-tiffs/uod/idr/filesets/idr0096-tratwal-marrowquant/20210609-ftp-ome-tiffs/PA d17 Cd-S 4 (20x).ome.tiff,PA d17 Cd-S 4 (20x).ome.tiff,8,CD5,86106.489,227745.953,1964.633,767592.47,1391467.083,204058.664,103998.874,20.511,54.249,0.468,24.772,27.435,120,1.00E+09,0.3,297,301,297,,,,
Project:name:idr0096-tratwal-marrowquant/experimentA/Dataset:name:Test-ome-tiffs/uod/idr/filesets/idr0096-tratwal-marrowquant/20210609-ftp-ome-tiffs/PA d17 Cd-S 4 (20x).ome.tiff,PA d17 Cd-S 4 (20x).ome.tiff,0,CD4,146791.592,604817.394,158454.801,563322.439,1988262.876,428207.43,86669.22,14.727,60.68,15.897,8.695,19.53,120,1.00E+09,0.3,1014,1018,1014,,,,
Project:name:idr0096-tratwal-marrowquant/experimentA/Dataset:name:Test-ome-tiffs/uod/idr/filesets/idr0096-tratwal-marrowquant/20210609-ftp-ome-tiffs/PA d17 Cd-S 4 (20x).ome.tiff,PA d17 Cd-S 4 (20x).ome.tiff,3,CD3,134819.792,568794.659,104209.859,439962.683,1522327.274,208825.113,65715.167,15.434,65.114,11.93,7.523,19.161,120,1.00E+09,0.3,884,888,884,,,,
Project:name:idr0096-tratwal-marrowquant/experimentA/Dataset:name:Test-ome-tiffs/uod/idr/filesets/idr0096-tratwal-marrowquant/20210609-ftp-ome-tiffs/PA d17 Cd-S 4 (20x).ome.tiff,PA d17 Cd-S 4 (20x).ome.tiff,2,CD2,83931.018,721629.652,73674.678,482739.921,1492426.129,97661.423,32789.436,9.203,79.124,8.078,3.595,10.419,120,1.00E+09,0.3,583,587,583,,,,
Project:name:idr0096-tratwal-marrowquant/experimentA/Dataset:name:Test-ome-tiffs/uod/idr/filesets/idr0096-tratwal-marrowquant/20210609-ftp-ome-tiffs/PA d17 Cd-S 4 (20x).ome.tiff,PA d17 Cd-S 4 (20x).ome.tiff,4,L4,169640.748,162449.234,308838.316,373395.183,1633045.414,240493.975,378227.957,16.645,15.94,30.303,37.112,51.083,120,1.00E+09,0.3,519,523,519,,,,
Project:name:idr0096-tratwal-marrowquant/experimentA/Dataset:name:Test-ome-tiffs/uod/idr/filesets/idr0096-tratwal-marrowquant/20210609-ftp-ome-tiffs/PA d17 Cd-S 4 (20x).ome.tiff,PA d17 Cd-S 4 (20x).ome.tiff,5,L5,923001.611,90595.435,200149.095,420187.938,2013791.935,200506.047,179351.808,66.255,6.503,14.367,12.874,91.062,120,1.00E+09,0.3,712,716,712,,,,
Project:name:idr0096-tratwal-marrowquant/experimentA/Dataset:name:Test-ome-tiffs/uod/idr/filesets/idr0096-tratwal-marrowquant/20210609-ftp-ome-tiffs/PA d17 Cd-S 4 (20x).ome.tiff,PA d17 Cd-S 4 (20x).ome.tiff,1,L6,764207.552,137543.444,152537.903,437189.197,1917602.867,271771.684,154353.087,63.229,11.38,12.621,12.771,84.747,120,1.00E+09,0.3,479,483,479,,,,
Project:name:idr0096-tratwal-marrowquant/experimentA/Dataset:name:Test-ome-tiffs/uod/idr/filesets/idr0096-tratwal-marrowquant/20210609-ftp-ome-tiffs/PA d17 Cd-S 5 (20x).ome.tiff,PA d17 Cd-S 5 (20x).ome.tiff,3,CD1,141636.038,820898.276,94198.488,674575.795,1900427.554,88554.881,80564.077,12.454,72.18,8.283,7.084,14.715,120,1.00E+09,0.3,981,985,981,,,,
Project:name:idr0096-tratwal-marrowquant/experimentA/Dataset:name:Test-ome-tiffs/uod/idr/filesets/idr0096-tratwal-marrowquant/20210609-ftp-ome-tiffs/PA d17 Cd-S 5 (20x).ome.tiff,PA d17 Cd-S 5 (20x).ome.tiff,5,CD2,98850.431,388112.337,91913.727,591764.695,1487518.41,191844.407,125032.813,14.043,55.137,13.058,17.763,20.299,120,1.00E+09,0.3,798,802,798,,,,
Project:name:idr0096-tratwal-marrowquant/experimentA/Dataset:name:Test-ome-tiffs/uod/idr/filesets/idr0096-tratwal-marrowquant/20210609-ftp-ome-tiffs/PA d17 Cd-S 5 (20x).ome.tiff,PA d17 Cd-S 5 (20x).ome.tiff,7,CD3,168968.837,317670.001,117950.806,578035.043,1558563.037,231088.371,144849.98,22.546,42.388,15.739,19.328,34.722,120,1.00E+09,0.3,896,900,896,,,,
Project:name:idr0096-tratwal-marrowquant/experimentA/Dataset:name:Test-ome-tiffs/uod/idr/filesets/idr0096-tratwal-marrowquant/20210609-ftp-ome-tiffs/PA d17 Cd-S 5 (20x).ome.tiff,PA d17 Cd-S 5 (20x).ome.tiff,1,CD4,164715.577,299677.505,140756.251,376401.019,1276707.911,117039.835,178117.724,21.029,38.26,17.97,22.74,35.469,120,1.00E+09,0.3,906,910,906,,,,
Project:name:idr0096-tratwal-marrowquant/experimentA/Dataset:name:Test-ome-tiffs/uod/idr/filesets/idr0096-tratwal-marrowquant/20210609-ftp-ome-tiffs/PA d17 Cd-S 5 (20x).ome.tiff,PA d17 Cd-S 5 (20x).ome.tiff,4,CD4,244017.115,181897.29,204813.906,406012.829,1405454.594,102821.786,265891.668,27.215,20.287,22.843,29.655,57.293,120,1.00E+09,0.3,703,707,703,,,,
Project:name:idr0096-tratwal-marrowquant/experimentA/Dataset:name:Test-ome-tiffs/uod/idr/filesets/idr0096-tratwal-marrowquant/20210609-ftp-ome-tiffs/PA d17 Cd-S 5 (20x).ome.tiff,PA d17 Cd-S 5 (20x).ome.tiff,2,L6,216343.134,457872.312,201212.34,578838.16,1758902.461,15094.961,289541.554,18.571,39.303,17.272,24.854,32.088,120,1.00E+09,0.3,476,480,476,,,,
Project:name:idr0096-tratwal-marrowquant/experimentA/Dataset:name:Test-ome-tiffs/uod/idr/filesets/idr0096-tratwal-marrowquant/20210609-ftp-ome-tiffs/PA d17 Cd-S 5 (20x).ome.tiff,PA d17 Cd-S 5 (20x).ome.tiff,6,L5,139404.945,127710.877,144472.822,360875.375,1117755.233,123890.05,221401.165,22.023,20.176,22.824,34.977,52.189,120,1.00E+09,0.3,272,276,272,,,,
Project:name:idr0096-tratwal-marrowquant/experimentA/Dataset:name:Test-ome-tiffs/uod/idr/filesets/idr0096-tratwal-marrowquant/20210609-ftp-ome-tiffs/PA d17 Cd-S 5 (20x).ome.tiff,PA d17 Cd-S 5 (20x).ome.tiff,0,L4,252594.553,72723.264,214690.899,481139.693,1458398.938,328630.156,108620.372,38.943,11.212,33.099,16.746,77.645,120,1.00E+09,0.3,238,242,238,,,,
Project:name:idr0096-tratwal-marrowquant/experimentA/Dataset:name:Test-ome-tiffs/uod/idr/filesets/idr0096-tratwal-marrowquant/20210609-ftp-ome-tiffs/PA d17 St2 (20x).ome.tiff,PA d17 St2 (20x).ome.tiff,0,,741057.632,197444.178,456215.023,344497.888,2689467.517,373763.047,576489.749,37.594,10.016,23.144,29.246,78.962,120,1.00E+09,0.3,1722,1726,1722,,,,
Project:name:idr0096-tratwal-marrowquant/experimentA/Dataset:name:Test-ome-tiffs/uod/idr/filesets/idr0096-tratwal-marrowquant/20210609-ftp-ome-tiffs/PA d17 St3 (20x).ome.tiff,PA d17 St3 (20x).ome.tiff,0,,1455997.266,695770.773,497712.266,1251640.575,4876055.422,540653.092,434281.45,47.215,22.562,16.14,14.083,67.665,120,1.00E+09,0.3,4390,4394,4390,,,,
Project:name:idr0096-tratwal-marrowquant/experimentA/Dataset:name:Test-ome-tiffs/uod/idr/filesets/idr0096-tratwal-marrowquant/20210609-ftp-ome-tiffs/PA d17 St5 (20x).ome.tiff,PA d17 St5 (20x).ome.tiff,0,,1380890.045,830149.952,1020815.006,915477.915,5287330.238,132602.22,1007395.1,32.574,19.582,24.08,23.764,62.454,120,1.00E+09,0.3,5089,5093,5089,,,,
Project:name:idr0096-tratwal-marrowquant/experimentA/Dataset:name:Test-ome-tiffs/uod/idr/filesets/idr0096-tratwal-marrowquant/20210609-ftp-ome-tiffs/F18mo RF1 (20x).ome.tiff,F18mo RF1 (20x).ome.tiff,0,,11704132.19,339836.295,909696.191,3319798.068,17869544.36,919228.095,676853.525,85.867,2.493,6.674,4.966,97.178,120,1.00E+09,0.3,2552,2556,2552,,,,
Project:name:idr0096-tratwal-marrowquant/experimentA/Dataset:name:Test-ome-tiffs/uod/idr/filesets/idr0096-tratwal-marrowquant/20210609-ftp-ome-tiffs/F18mo RF 2 (20x_01).ome.tiff,F18mo RF 2 (20x_01).ome.tiff,0,,9030198.43,1641463.349,820729.775,2176268.544,17148865.45,2154981.929,1325223.419,70.451,12.806,6.403,10.339,84.618,120,1.00E+09,0.3,5512,5516,5512,,,,
Project:name:idr0096-tratwal-marrowquant/experimentA/Dataset:name:Test-ome-tiffs/uod/idr/filesets/idr0096-tratwal-marrowquant/20210609-ftp-ome-tiffs/F18mo RF 3 (20x_01).ome.tiff,F18mo RF 3 (20x_01).ome.tiff,0,,6471067.316,327753.15,442971.106,3073843.155,15490988.83,4361632.627,813721.472,80.331,4.069,5.499,10.101,95.179,120,1.00E+09,0.3,1480,1484,1480,,,,
Project:name:idr0096-tratwal-marrowquant/experimentA/Dataset:name:Test-ome-tiffs/uod/idr/filesets/idr0096-tratwal-marrowquant/20210609-ftp-ome-tiffs/F18mo RT 1 (20x_01).ome.tiff,F18mo RT 1 (20x_01).ome.tiff,0,,4082939.272,1459923.638,718946.107,4662234.647,12149598.76,717954.456,507600.644,60.315,21.566,10.621,7.498,73.661,120,1.00E+09,0.3,3320,3324,3320,,,,
Project:name:idr0096-tratwal-marrowquant/experimentA/Dataset:name:Test-ome-tiffs/uod/idr/filesets/idr0096-tratwal-marrowquant/20210609-ftp-ome-tiffs/F18mo RT 2 (20x_01).ome.tiff,F18mo RT 2 (20x_01).ome.tiff,0,,2907477.879,4067312.767,372375.71,6610940.914,15905796.4,1309135.941,638553.19,36.408,50.932,4.663,7.996,41.686,120,1.00E+09,0.3,5374,5378,5374,,,,
Project:name:idr0096-tratwal-marrowquant/experimentA/Dataset:name:Test-ome-tiffs/uod/idr/filesets/idr0096-tratwal-marrowquant/20210609-ftp-ome-tiffs/F18mo RT 4 (20x_01).ome.tiff,F18mo RT 4 (20x_01).ome.tiff,0,,3564679.122,2650319.304,402293.022,5027229.776,14473355.28,1900214.593,928619.465,47.24,35.123,5.331,12.306,57.356,120,1.00E+09,0.3,3293,3297,3293,,,,
Project:name:idr0096-tratwal-marrowquant/experimentA/Dataset:name:Test-ome-tiffs/uod/idr/filesets/idr0096-tratwal-marrowquant/20210609-ftp-ome-tiffs/F8wk St 6 (20x_01).ome.tiff,F8wk St 6 (20x_01).ome.tiff,0,,3346938.279,85383.404,465020.944,937295.347,5406055.112,226721.291,344695.847,78.899,2.013,10.962,8.126,97.512,120,1.00E+09,0.3,1131,1135,1131,,,,
Project:name:idr0096-tratwal-marrowquant/experimentA/Dataset:name:Test-ome-tiffs/uod/idr/filesets/idr0096-tratwal-marrowquant/20210609-ftp-ome-tiffs/F8wk St 7 (20x).ome.tiff,F8wk St 7 (20x).ome.tiff,0,,3369557.135,84561.957,619662.012,1013244.911,5885190.449,445045.318,353119.116,76.115,1.91,13.998,7.977,97.552,120,1.00E+09,0.3,1071,1075,1071,,,,
Project:name:idr0096-tratwal-marrowquant/experimentA/Dataset:name:Test-ome-tiffs/uod/idr/filesets/idr0096-tratwal-marrowquant/20210609-ftp-ome-tiffs/F8wk St 8 (20x).ome.tiff,F8wk St 8 (20x).ome.tiff,0,,2777203.704,43004.506,814293.601,431074.491,4219338.368,80409.873,73352.193,74.901,1.16,21.961,1.978,98.475,120,5000,0.41,187,184,187,,,,
Project:name:idr0096-tratwal-marrowquant/experimentA/Dataset:name:Test-ome-tiffs/uod/idr/filesets/idr0096-tratwal-marrowquant/20210609-ftp-ome-tiffs/F18mo Cd 2 (20x).ome.tiff,F18mo Cd 2 (20x).ome.tiff,0,CD5,194340.257,1520194.33,926.868,874513.113,2793272.096,188095.582,15201.946,11.229,87.839,5.40E-02,0.878,11.335,120,1.00E+09,0.3,768,772,768,,,,
Project:name:idr0096-tratwal-marrowquant/experimentA/Dataset:name:Test-ome-tiffs/uod/idr/filesets/idr0096-tratwal-marrowquant/20210609-ftp-ome-tiffs/F18mo Cd 2 (20x).ome.tiff,F18mo Cd 2 (20x).ome.tiff,1,CD4,245790.919,1437997.486,51640.594,800105.378,2737946.778,201239.774,1172.626,14.154,82.805,2.974,0.068,14.597,120,1.00E+09,0.3,648,652,648,,,,
Project:name:idr0096-tratwal-marrowquant/experimentA/Dataset:name:Test-ome-tiffs/uod/idr/filesets/idr0096-tratwal-marrowquant/20210609-ftp-ome-tiffs/F18mo Cd 2 (20x).ome.tiff,F18mo Cd 2 (20x).ome.tiff,2,CD2,720020.577,113087.375,89408.56,422285.172,1653716.484,217655.066,91259.735,71.024,11.155,8.819,9.002,86.426,120,1.00E+09,0.3,249,253,249,,,,
Project:name:idr0096-tratwal-marrowquant/experimentA/Dataset:name:Test-ome-tiffs/uod/idr/filesets/idr0096-tratwal-marrowquant/20210609-ftp-ome-tiffs/F18mo Cd 2 (20x).ome.tiff,F18mo Cd 2 (20x).ome.tiff,3,CD1,987133.255,41469.739,124756.793,406976.658,1950613.362,298874.365,91402.552,79.303,3.332,10.023,7.343,95.968,120,1.00E+09,0.3,112,116,112,,,,
Project:name:idr0096-tratwal-marrowquant/experimentA/Dataset:name:Test-ome-tiffs/uod/idr/filesets/idr0096-tratwal-marrowquant/20210609-ftp-ome-tiffs/F18mo Cd 3 (20x).ome.tiff,F18mo Cd 3 (20x).ome.tiff,2,CD5,212546.675,1290064.32,2545.082,1326443.805,2919722.25,43818.839,44303.528,13.717,83.259,0.164,2.859,14.145,120,1.00E+09,0.3,512,516,512,,,,
Project:name:idr0096-tratwal-marrowquant/experimentA/Dataset:name:Test-ome-tiffs/uod/idr/filesets/idr0096-tratwal-marrowquant/20210609-ftp-ome-tiffs/F18mo Cd 3 (20x).ome.tiff,F18mo Cd 3 (20x).ome.tiff,0,CD4,244901.511,1459173.655,2592.565,1738475.564,3599182.219,105247.828,48791.096,13.951,83.122,0.148,2.779,14.372,120,1.00E+09,0.3,567,571,567,,,,
Project:name:idr0096-tratwal-marrowquant/experimentA/Dataset:name:Test-ome-tiffs/uod/idr/filesets/idr0096-tratwal-marrowquant/20210609-ftp-ome-tiffs/F18mo Cd 3 (20x).ome.tiff,F18mo Cd 3 (20x).ome.tiff,1,CD3,931074.739,559236.29,162710.541,1304362.366,3383575.267,242104.349,184086.981,50.682,30.441,8.857,10.02,62.475,120,1.00E+09,0.3,635,639,635,,,,
Project:name:idr0096-tratwal-marrowquant/experimentA/Dataset:name:Test-ome-tiffs/uod/idr/filesets/idr0096-tratwal-marrowquant/20210609-ftp-ome-tiffs/F18mo Cd 3 (20x).ome.tiff,F18mo Cd 3 (20x).ome.tiff,4,CD2,981201.468,76367.669,173415.082,575059.486,2034430.019,86609.485,141776.829,71.476,5.563,12.633,10.328,92.779,120,1.00E+09,0.3,197,201,197,,,,
Project:name:idr0096-tratwal-marrowquant/experimentA/Dataset:name:Test-ome-tiffs/uod/idr/filesets/idr0096-tratwal-marrowquant/20210609-ftp-ome-tiffs/F18mo Cd 3 (20x).ome.tiff,F18mo Cd 3 (20x).ome.tiff,3,CD1,824935.303,53948.151,125797.349,649922.897,1846299.863,87642.709,104053.454,74.403,4.866,11.346,9.385,93.862,120,1.00E+09,0.3,197,201,197,,,,
Project:name:idr0096-tratwal-marrowquant/experimentA/Dataset:name:Test-ome-tiffs/uod/idr/filesets/idr0096-tratwal-marrowquant/20210609-ftp-ome-tiffs/F18mo Cd 4 (20x).ome.tiff,F18mo Cd 4 (20x).ome.tiff,1,CD5,231573.963,1921562.293,558.389,1180364.931,3386463.578,20409.732,31994.27,10.595,87.916,2.60E-02,1.464,10.755,120,1.00E+09,0.3,924,928,924,,,,
Project:name:idr0096-tratwal-marrowquant/experimentA/Dataset:name:Test-ome-tiffs/uod/idr/filesets/idr0096-tratwal-marrowquant/20210609-ftp-ome-tiffs/F18mo Cd 4 (20x).ome.tiff,F18mo Cd 4 (20x).ome.tiff,4,CD4,222879.042,1513039.665,2552.637,963614.878,2773749.612,29801.903,41861.487,12.519,84.986,0.143,2.351,12.839,120,1.00E+09,0.3,788,792,788,,,,
Project:name:idr0096-tratwal-marrowquant/experimentA/Dataset:name:Test-ome-tiffs/uod/idr/filesets/idr0096-tratwal-marrowquant/20210609-ftp-ome-tiffs/F18mo Cd 4 (20x).ome.tiff,F18mo Cd 4 (20x).ome.tiff,3,CD3,120948.285,233270.023,5485.131,566451.866,1071973.065,112374.392,33443.368,30.764,59.334,1.395,8.507,34.145,120,1.00E+09,0.3,222,226,222,,,,
Project:name:idr0096-tratwal-marrowquant/experimentA/Dataset:name:Test-ome-tiffs/uod/idr/filesets/idr0096-tratwal-marrowquant/20210609-ftp-ome-tiffs/F18mo Cd 4 (20x).ome.tiff,F18mo Cd 4 (20x).ome.tiff,0,CD2,804834.761,446265.193,140326.677,573914.151,2247999.887,152020.413,130638.692,52.878,29.32,9.219,8.583,64.33,120,1.00E+09,0.3,583,587,583,,,,
Project:name:idr0096-tratwal-marrowquant/experimentA/Dataset:name:Test-ome-tiffs/uod/idr/filesets/idr0096-tratwal-marrowquant/20210609-ftp-ome-tiffs/F18mo Cd 4 (20x).ome.tiff,F18mo Cd 4 (20x).ome.tiff,2,CD1,314730.301,174768.287,39347.46,749736.541,1493482.147,111706.392,103193.165,49.796,27.651,6.225,16.327,64.296,120,1.00E+09,0.3,250,254,250,,,,
Project:name:idr0096-tratwal-marrowquant/experimentA/Dataset:name:Test-ome-tiffs/uod/idr/filesets/idr0096-tratwal-marrowquant/20210609-ftp-ome-tiffs/F18mo Cd 5 (20x).ome.tiff,F18mo Cd 5 (20x).ome.tiff,0,CD5,198494.322,943848.506,643.876,979890.382,2247407.129,61963.018,62567.024,16.465,78.292,5.30E-02,5.19,17.376,120,1.00E+09,0.3,485,489,485,,,,
Project:name:idr0096-tratwal-marrowquant/experimentA/Dataset:name:Test-ome-tiffs/uod/idr/filesets/idr0096-tratwal-marrowquant/20210609-ftp-ome-tiffs/F18mo Cd 5 (20x).ome.tiff,F18mo Cd 5 (20x).ome.tiff,3,CD4,177928.269,1271967.083,1263.061,890885.411,2393517.704,24563.938,26909.942,12.038,86.056,8.50E-02,1.821,12.272,120,1.00E+09,0.3,523,527,523,,,,
Project:name:idr0096-tratwal-marrowquant/experimentA/Dataset:name:Test-ome-tiffs/uod/idr/filesets/idr0096-tratwal-marrowquant/20210609-ftp-ome-tiffs/F18mo Cd 5 (20x).ome.tiff,F18mo Cd 5 (20x).ome.tiff,4,CD3,177278.694,885772.388,75044.821,730431.07,1974697.043,33462.102,72707.967,14.641,73.156,6.198,6.005,16.676,120,1.00E+09,0.3,480,484,480,,,,
Project:name:idr0096-tratwal-marrowquant/experimentA/Dataset:name:Test-ome-tiffs/uod/idr/filesets/idr0096-tratwal-marrowquant/20210609-ftp-ome-tiffs/F18mo Cd 5 (20x).ome.tiff,F18mo Cd 5 (20x).ome.tiff,1,CD2,587365.187,229206.649,90254.736,610501.047,1751166.523,138314.618,95524.287,58.599,22.867,9.004,9.53,71.931,120,1.00E+09,0.3,347,351,347,,,,
Project:name:idr0096-tratwal-marrowquant/experimentA/Dataset:name:Test-ome-tiffs/uod/idr/filesets/idr0096-tratwal-marrowquant/20210609-ftp-ome-tiffs/F18mo Cd 5 (20x).ome.tiff,F18mo Cd 5 (20x).ome.tiff,2,CD1,204794.433,60708.603,41010.549,485144.609,941936.28,82690.001,67588.086,54.743,16.228,10.962,18.067,77.134,120,1.00E+09,0.3,138,142,138,,,,
/F8wk RF 6.vsi_20x_Series_2_ROI_1_Scaled_4_RGB.ome.tiff,F8wk RF 6.vsi_20x_Series_2_ROI_1_Scaled_4_RGB.ome.tiff,0,,5047439.546,287500.455,1772286.389,3516737.41,12764026.81,1053903.999,1086159.007,61.604,3.509,21.631,13.257,94.611,120,1.00E+09,0.3,96,100,96,,,,
/F8wk RF 6.vsi_20x_Series_2_ROI_1_Scaled_4_RGB.ome.tiff,F8wk RF 6.vsi_20x_Series_2_ROI_1_Scaled_4_RGB.ome.tiff,0,,5047439.546,287500.455,1772286.389,3516737.41,12764026.81,1053903.999,1086159.007,61.604,3.509,21.631,13.257,94.611,120,1.00E+09,0.3,96,100,96,,,,
/F8wk RF 6.vsi_20x_Series_2_ROI_1_Scaled_4_RGB.ome.tiff,F8wk RF 6.vsi_20x_Series_2_ROI_1_Scaled_4_RGB.ome.tiff,0,,5047439.546,287500.455,1772286.389,3516737.41,12764026.81,1053903.999,1086159.007,61.604,3.509,21.631,13.257,94.611,120,1.00E+09,0.3,96,100,96,,,,
/F8wk RF 7.vsi_20x_Series_1_ROI_1_Scaled_4_RGB.ome.tiff,F8wk RF 7.vsi_20x_Series_1_ROI_1_Scaled_4_RGB.ome.tiff,0,,5176111.988,179974.472,3193323.846,4441477.04,16239180.63,1494761.81,1753531.471,50.239,1.747,30.994,17.02,96.64,120,1.00E+09,0.3,134,138,134,,,,
Project:name:idr0096-tratwal-marrowquant/experimentA/Dataset:name:Test-ome-tiffs/uod/idr/filesets/idr0096-tratwal-marrowquant/20210609-ftp-ome-tiffs/4000_d11_m5_LT_1 (20x_01).ome.tiff,4000_d11_m5_LT_1 (20x_01).ome.tiff,0,,1876896.517,1556767.395,1096680.132,6127542.568,13416867.59,1131956.673,1627024.306,30.482,25.283,17.811,26.424,54.662,120,5000,0.3,4185,4189,4185,,,,
Project:name:idr0096-tratwal-marrowquant/experimentA/Dataset:name:Test-ome-tiffs/uod/idr/filesets/idr0096-tratwal-marrowquant/20210609-ftp-ome-tiffs/4000_d11_m5_LT_2 (20x_01).ome.tiff,4000_d11_m5_LT_2 (20x_01).ome.tiff,0,,1588114.998,2039330.795,1098882.659,6820341.717,14630542.89,1274058.514,1809814.204,24.297,31.201,16.812,27.689,43.781,120,5000,0.3,4463,4467,4463,,,,
Project:name:idr0096-tratwal-marrowquant/experimentA/Dataset:name:Test-ome-tiffs/uod/idr/filesets/idr0096-tratwal-marrowquant/20210609-ftp-ome-tiffs/4003_d11_m13_LF_2 (20x_01).ome.tiff,4003_d11_m13_LF_2 (20x_01).ome.tiff,0,,2444640.695,2761986.182,2085742.128,5525141.643,18339598.2,2761402.67,2760684.879,24.317,27.474,20.747,27.461,46.952,120,5000,0.3,5039,5043,5039,,,,
Project:name:idr0096-tratwal-marrowquant/experimentA/Dataset:name:Test-ome-tiffs/uod/idr/filesets/idr0096-tratwal-marrowquant/20210609-ftp-ome-tiffs/4003_d11_m13_LT_1 (20x_01).ome.tiff,4003_d11_m13_LT_1 (20x_01).ome.tiff,0,,2626036.304,3123136.09,561447.184,6276754.624,14678360.56,1179599.137,911387.223,36.362,43.245,7.774,12.62,45.677,120,5000,0.3,7060,7064,7060,,,,
Project:name:idr0096-tratwal-marrowquant/experimentA/Dataset:name:Test-ome-tiffs/uod/idr/filesets/idr0096-tratwal-marrowquant/20210609-ftp-ome-tiffs/4003_d11_m13_LT_2 (20x_01).ome.tiff,4003_d11_m13_LT_2 (20x_01).ome.tiff,0,,2248618.383,2175701.259,558299.844,6349805.111,13471627.24,1207986.163,931216.475,38.023,36.79,9.441,15.746,50.824,120,5000,0.3,6116,6120,6116,,,,
/F8wk RF 6.vsi_20x_Series_2_ROI_1_Scaled_4_RGB.ome.tiff,F8wk RF 6.vsi_20x_Series_2_ROI_1_Scaled_4_RGB.ome.tiff,0,,7834227.858,233166.789,338704.161,2080481.042,12764026.81,1053903.999,1223542.958,81.355,2.421,3.517,12.706,97.11,120,5000,0.3,99,103,99,,,,
/F8wk RF 7.vsi_20x_Series_1_ROI_1_Scaled_4_RGB.ome.tiff,F8wk RF 7.vsi_20x_Series_1_ROI_1_Scaled_4_RGB.ome.tiff,0,,9479698.744,167212.48,821720.35,2522863.485,16239180.63,1494761.81,1752923.757,77.565,1.368,6.724,14.343,98.267,120,5000,0.3,119,123,119,,,,
Project:name:idr0096-tratwal-marrowquant/experimentA/Dataset:name:Test-ome-tiffs/uod/idr/filesets/idr0096-tratwal-marrowquant/20210609-ftp-ome-tiffs/F9mo RT 1 (20x_01).ome.tiff,F9mo RT 1 (20x_01).ome.tiff,0,,3767571.698,431898.198,313654.874,2384604.396,7925544.258,748783.069,279032.024,78.62,9.013,6.545,5.823,89.715,120,5000,0.3,1466,1470,1466,,,,
Project:name:idr0096-tratwal-marrowquant/experimentA/Dataset:name:Test-ome-tiffs/uod/idr/filesets/idr0096-tratwal-marrowquant/20210609-ftp-ome-tiffs/F9mo RT 2 (20x_01).ome.tiff,F9mo RT 2 (20x_01).ome.tiff,0,,7663046.494,643974.603,402150.56,2470741.172,12064824.25,402110.17,482801.249,83.367,7.006,4.375,5.252,92.248,120,5000,0.3,1454,1458,1454,,,,
Project:name:idr0096-tratwal-marrowquant/experimentA/Dataset:name:Test-ome-tiffs/uod/idr/filesets/idr0096-tratwal-marrowquant/20210609-ftp-ome-tiffs/M18mo RT3 (20x).ome.tiff,M18mo RT3 (20x).ome.tiff,0,,3386386.372,847744.714,353615.686,1901731.533,7258995.272,542494.161,227022.805,70.333,17.607,7.344,4.715,79.978,120,5000,0.3,1845,1849,1845,,,,
Project:name:idr0096-tratwal-marrowquant/experimentA/Dataset:name:Test-ome-tiffs/uod/idr/filesets/idr0096-tratwal-marrowquant/20210609-ftp-ome-tiffs/Image_03 (20x_03).ome.tiff,Image_03 (20x_03).ome.tiff,0,,2417861.15,2758398.876,696166.277,5791995.543,13207243.2,659644.591,883176.759,35.79,40.831,10.305,13.073,46.711,120,1.00E+09,0.3,2536,2540,2536,,,,
Project:name:idr0096-tratwal-marrowquant/experimentA/Dataset:name:Test-ome-tiffs/uod/idr/filesets/idr0096-tratwal-marrowquant/20210609-ftp-ome-tiffs/Image_05 (20x_02).ome.tiff,Image_05 (20x_02).ome.tiff,0,,4937929.548,2666857.058,1186371.03,5838654.214,16848685.8,415025.475,1803848.479,46.606,25.171,11.197,17.025,64.932,120,1.00E+09,0.3,2790,2794,2790,,,,
/RF Y2R D0.vsi_20x_Series_0_ROI_4_Scaled_4_RGB.tif,RF Y2R D0.vsi_20x_Series_0_ROI_4_Scaled_4_RGB.tif,0,,2128488.283,80398.399,74281.791,1655531.462,4758296.839,709924.403,109672.5,88.952,3.36,3.104,4.583,96.36,120,1.00E+09,0.3,119,123,119,85,85,90,82.5
/RF Y2R D15.vsi_20x_Series_0_ROI_1_Scaled_4_RGB.tif,RF Y2R D15.vsi_20x_Series_0_ROI_1_Scaled_4_RGB.tif,0,,1691732.65,798273.602,114447.719,1103183.505,4088989.888,13083.994,368268.418,26.909,26.853,3.85,12.388,17.941,120,1.00E+09,0.3,580,584,580,15,15,10,15
/RF Y2R D15.vsi_20x_Series_0_ROI_2_Scaled_4_RGB.tif,RF Y2R D15.vsi_20x_Series_0_ROI_2_Scaled_4_RGB.tif,0,,1128805.675,471484.435,377394.473,1609906.031,4720876.014,128768.275,1004517.126,37.851,15.81,12.655,33.684,27.538,120,1.00E+09,0.3,491,495,491,25,30,30,10
/RF Y2R D15.vsi_20x_Series_0_ROI_3_Scaled_4_RGB.tif,RF Y2R D15.vsi_20x_Series_0_ROI_3_Scaled_4_RGB.tif,0,,1562039.436,234555.442,296693.768,1337160.775,4250315.812,68706.473,751159.917,34.915,8.246,10.431,26.408,26.944,120,1.00E+09,0.3,285,289,285,15,20,30,10
/RF Y2R D15.vsi_20x_Series_0_ROI_4_Scaled_4_RGB.tif,RF Y2R D15.vsi_20x_Series_0_ROI_4_Scaled_4_RGB.tif,0,,725849.892,105470.831,43606.376,1204028.956,2351133.662,23682.664,248494.943,24.611,9.388,3.882,22.119,17.313,120,1.00E+09,0.3,124,128,124,15,20,10,10
/RF Y2R D15.vsi_20x_Series_1_ROI_5_Scaled_4_RGB.tif,RF Y2R D15.vsi_20x_Series_1_ROI_5_Scaled_4_RGB.tif,0,,202248.127,87399.432,263415.557,1111086.576,2181280.798,111939.189,405191.917,21.106,9.121,27.489,42.284,29.826,120,1.00E+09,0.3,77,81,77,10,20,5,10
/RF Y2R D20.vsi_20x_Series_1_ROI_3_Scaled_4_RGB.tif,RF Y2R D20.vsi_20x_Series_1_ROI_3_Scaled_4_RGB.tif,0,,212365.434,483459.238,887985.114,1403242.873,3691380.963,32004.105,672324.199,9.413,21.429,39.359,29.8,30.52,120,1.00E+09,0.3,530,534,530,25,40,30,15
/RF Y2R D20.vsi_20x_Series_1_ROI_4_Scaled_4_RGB.tif,RF Y2R D20.vsi_20x_Series_1_ROI_4_Scaled_4_RGB.tif,0,,386603.073,77959.628,158597.026,1327200.285,2378487.173,67371.062,360756.099,39.292,7.923,16.119,36.665,53.219,120,1.00E+09,0.3,102,106,102,40,55,60,50
/RF Y2R D20.vsi_20x_Series_1_ROI_5_Scaled_4_RGB.tif,RF Y2R D20.vsi_20x_Series_1_ROI_5_Scaled_4_RGB.tif,0,,75494.862,175393.948,38188.655,759269.569,1291986.504,26203.42,217436.05,14.905,34.628,7.54,42.928,30.091,120,1.00E+09,0.3,117,121,117,25,50,30,17.5
/RF Y2R D25.vsi_20x_Series_0_ROI_1_Scaled_4_RGB.tif,RF Y2R D25.vsi_20x_Series_0_ROI_1_Scaled_4_RGB.tif,0,,999356.12,230068.253,491386.353,824241.347,3020080.204,23042.82,451985.311,45.994,10.589,22.615,20.802,81.287,120,1.00E+09,0.3,272,276,272,70,77.5,90,80
/RF Y2R D25.vsi_20x_Series_0_ROI_2_Scaled_4_RGB.tif,RF Y2R D25.vsi_20x_Series_0_ROI_2_Scaled_4_RGB.tif,0,,1947988.291,24007.916,491355.924,929462.352,3958738.501,254510.508,311413.51,70.204,0.865,17.708,11.223,98.783,120,1.00E+09,0.3,47,51,47,95,90,95,98
/RF Y2R D25.vsi_20x_Series_0_ROI_3_Scaled_4_RGB.tif,RF Y2R D25.vsi_20x_Series_0_ROI_3_Scaled_4_RGB.tif,0,,1353389.2,191941.613,567487.49,826858.18,3425427.528,138236.335,347514.711,55.008,7.801,23.065,14.125,87.579,120,1.00E+09,0.3,258,262,258,80,80,90,85
/RF Y2R D25.vsi_20x_Series_0_ROI_4_Scaled_4_RGB.tif,RF Y2R D25.vsi_20x_Series_0_ROI_4_Scaled_4_RGB.tif,0,,886649.757,100382.908,39435.056,784867.148,1847027.338,760.741,34931.728,83.536,9.458,3.715,3.291,89.83,120,1.00E+09,0.3,132,136,132,70,67.5,90,75
/RF Y2R D25.vsi_20x_Series_0_ROI_5_Scaled_4_RGB.tif,RF Y2R D25.vsi_20x_Series_0_ROI_5_Scaled_4_RGB.tif,0,,234328.212,2008.267,21025.944,471060.259,775048.017,20017.941,26607.394,82.519,0.707,7.404,9.37,99.15,120,1.00E+09,0.3,4,8,4,90,95,95,98
/RF Y2R D5.vsi_20x_Series_1_ROI_1_Scaled_4_RGB.tif,RF Y2R D5.vsi_20x_Series_1_ROI_1_Scaled_4_RGB.tif,0,,230621.686,203813.703,550126.596,1371954.08,2995850.56,153625.9,485708.594,15.686,13.862,37.417,33.035,53.085,120,1.00E+09,0.3,200,204,200,2.5,2.5,2.5,1
/RT Y2R D0.vsi_20x_Series_1_ROI_2_Scaled_4_RGB.tif,RT Y2R D0.vsi_20x_Series_1_ROI_2_Scaled_4_RGB.tif,0,,837834.693,9585.861,148596.063,1041176.674,2373168.578,206545.469,129429.818,74.445,0.852,13.203,11.5,98.869,120,1.00E+09,0.3,11,15,11,95,95,100,99
/RT Y2R D0.vsi_20x_Series_1_ROI_3_Scaled_4_RGB.tif,RT Y2R D0.vsi_20x_Series_1_ROI_3_Scaled_4_RGB.tif,0,,668758.362,4990.734,97532.333,1120206.773,2061260.12,97315.127,72456.791,79.261,0.592,11.56,8.588,99.259,120,1.00E+09,0.3,8,12,8,100,100,100,100
/RT Y2R D0.vsi_20x_Series_1_ROI_4_Scaled_4_RGB.tif,RT Y2R D0.vsi_20x_Series_1_ROI_4_Scaled_4_RGB.tif,0,,468337.786,146100.696,40504.067,1253830.634,2370280.45,295693.193,165814.074,57.062,17.801,4.935,20.203,76.222,120,1.00E+09,0.3,124,128,124,65,70,70,60
/RT Y2R D10.vsi_20x_Series_1_ROI_2_Scaled_4_RGB.tif,RT Y2R D10.vsi_20x_Series_1_ROI_2_Scaled_4_RGB.tif,0,,281687.829,386609.471,76835.019,674322.383,1562614.037,152378.69,-9219.353,38.277,52.535,10.441,-1.253,42.15,120,1.00E+09,0.3,221,225,221,5,15,10,5
/RT Y2R D10.vsi_20x_Series_1_ROI_3_Scaled_4_RGB.tif,RT Y2R D10.vsi_20x_Series_1_ROI_3_Scaled_4_RGB.tif,0,,258622.109,173601.498,462622.887,761412.214,2337677.531,537860.664,143558.16,24.906,16.718,44.551,13.825,59.835,120,1.00E+09,0.3,165,169,165,20,32.5,20,15
/RT Y2R D10.vsi_20x_Series_1_ROI_4_Scaled_4_RGB.tif,RT Y2R D10.vsi_20x_Series_1_ROI_4_Scaled_4_RGB.tif,0,,275723.606,186016.82,486053.764,1142757.345,3324921.943,1270844.747,-36474.338,30.255,20.412,53.335,-4.002,59.714,120,1.00E+09,0.3,186,190,186,10,5,2.5,3
/RT Y2R D15_01.vsi_20x_Series_0_ROI_6_Scaled_4_RGB.tif,RT Y2R D15_01.vsi_20x_Series_0_ROI_6_Scaled_4_RGB.tif,0,,582037.098,50179.284,83195.976,982619.33,1786371.652,48794.124,39545.841,77.095,6.647,11.02,5.238,92.063,120,1.00E+09,0.3,56,60,56,65,70,90,85
/RT Y2R D15_01.vsi_20x_Series_0_ROI_7_Scaled_4_RGB.tif,RT Y2R D15_01.vsi_20x_Series_0_ROI_7_Scaled_4_RGB.tif,0,,437585.27,8459.576,37398.63,577259.567,1133945.216,49029.353,24212.819,86.197,1.666,7.367,4.77,98.103,120,1.00E+09,0.3,19,23,19,70,70,90,90
/RT Y2R D15_01.vsi_20x_Series_0_ROI_8_Scaled_4_RGB.tif,RT Y2R D15_01.vsi_20x_Series_0_ROI_8_Scaled_4_RGB.tif,0,,389292.654,58851.872,28847.763,693411.374,1250042.908,7619.408,72019.838,70.908,10.72,5.254,13.118,86.868,120,1.00E+09,0.3,76,80,76,50,60,80,50
/RT Y2R D15_01.vsi_20x_Series_0_ROI_9_Scaled_4_RGB.tif,RT Y2R D15_01.vsi_20x_Series_0_ROI_9_Scaled_4_RGB.tif,0,,480096.162,637359.074,317051.525,1467888.614,3532033.395,81478.642,548159.378,24.215,32.147,15.991,27.648,42.963,120,1.00E+09,0.3,452,456,452,30,40,50,35
/RT Y2R D25.vsi_20x_Series_0_ROI_15_Scaled_4_RGB.tif,RT Y2R D25.vsi_20x_Series_0_ROI_15_Scaled_4_RGB.tif,0,,353067.898,150362.738,91416.649,850959.974,1834135.168,304137.736,84190.173,51.995,22.144,13.463,12.398,70.132,120,1.00E+09,0.3,102,106,102,65,80,60,60
/RT Y2R D25.vsi_20x_Series_0_ROI_17_Scaled_4_RGB.tif,RT Y2R D25.vsi_20x_Series_0_ROI_17_Scaled_4_RGB.tif,0,,1033215.071,70327.522,319623.524,1353903.703,2922451.503,63168.438,82213.244,68.635,4.672,21.232,5.461,93.627,120,1.00E+09,0.3,81,85,81,80,90,90,95
/RT Y2R D25.vsi_20x_Series_0_ROI_18_Scaled_4_RGB.tif,RT Y2R D25.vsi_20x_Series_0_ROI_18_Scaled_4_RGB.tif,0,,406505.859,640038.271,15033.231,1497936.659,2765245.019,194646.7,11084.299,37.897,59.668,1.401,1.033,38.843,120,1.00E+09,0.3,339,343,339,10,20,10,10
/RT Y2R D5.vsi_20x_Series_1_ROI_6_Scaled_4_RGB.tif,RT Y2R D5.vsi_20x_Series_1_ROI_6_Scaled_4_RGB.tif,0,,248141.653,421938.192,180674.147,1872656.949,3377333.394,548416.96,105505.492,25.949,44.124,18.894,11.033,37.032,120,1.00E+09,0.3,222,226,222,2.5,2.5,2.5,1
/RT Y2R D5.vsi_20x_Series_1_ROI_9_Scaled_4_RGB.tif,RT Y2R D5.vsi_20x_Series_1_ROI_9_Scaled_4_RGB.tif,0,,78970.762,48721.46,254258.464,396405.834,943305.48,65274.445,99674.515,16.397,10.116,52.792,20.695,61.845,120,1.00E+09,0.3,56,60,56,15,15,10,5
/SP Y2R D0.vsi_20x_Series_0_ROI_19_Scaled_4_RGB.tif,SP Y2R D0.vsi_20x_Series_0_ROI_19_Scaled_4_RGB.tif,0,,233849.744,152.147,109819.613,508018.41,995570.562,118391.927,25338.721,63.346,0.041,29.748,6.864,99.935,120,1.00E+09,0.3,2,6,2,95,100,100,99
/SP Y2R D0.vsi_20x_Series_0_ROI_20_Scaled_4_RGB.tif,SP Y2R D0.vsi_20x_Series_0_ROI_20_Scaled_4_RGB.tif,0,,611843.437,578.158,379606.449,425615.664,1605749.412,161959.852,26145.852,60.092,0.057,37.283,2.568,99.906,120,1.00E+09,0.3,2,6,2,100,100,100,100
/SP Y2R D0.vsi_20x_Series_0_ROI_21_Scaled_4_RGB.tif,SP Y2R D0.vsi_20x_Series_0_ROI_21_Scaled_4_RGB.tif,0,,609074.364,4899.129,343821.505,1122843.926,2417630.289,178039.888,158951.478,54.54,0.439,30.788,14.233,99.202,120,1.00E+09,0.3,6,10,6,100,100,100,100
/SP Y2R D0.vsi_20x_Series_0_ROI_22_Scaled_4_RGB.tif,SP Y2R D0.vsi_20x_Series_0_ROI_22_Scaled_4_RGB.tif,0,,613212.759,365.152,278915.648,1326355.584,2448515.642,133700.45,95966.049,62.037,0.037,28.217,9.709,99.94,120,1.00E+09,0.3,1,5,1,100,100,100,99
/SP Y2R D0.vsi_20x_Series_0_ROI_23_Scaled_4_RGB.tif,SP Y2R D0.vsi_20x_Series_0_ROI_23_Scaled_4_RGB.tif,0,,651584.2,821.593,354654.362,1168487.988,2542325.465,239534.517,127242.805,57.444,0.072,31.266,11.218,99.874,120,1.00E+09,0.3,3,7,3,100,100,100,98.5
/SP Y2R D0.vsi_20x_Series_0_ROI_24_Scaled_4_RGB.tif,SP Y2R D0.vsi_20x_Series_0_ROI_24_Scaled_4_RGB.tif,0,,235888.513,121.717,109211.026,329032.828,798007.422,111542.179,12211.159,65.995,0.034,30.554,3.416,99.948,120,1.00E+09,0.3,2,6,2,95,100,100,99
/SP Y2R D10.vsi_20x_Series_0_ROI_1_Scaled_4_RGB.tif,SP Y2R D10.vsi_20x_Series_0_ROI_1_Scaled_4_RGB.tif,0,,86482.43,7151.081,121416.219,620805.083,1167156.206,285202.313,46099.081,33.116,2.738,46.493,17.652,92.363,120,1.00E+09,0.3,13,17,13,5,2.5,2.5,2
/SP Y2R D10.vsi_20x_Series_0_ROI_2_Scaled_4_RGB.tif,SP Y2R D10.vsi_20x_Series_0_ROI_2_Scaled_4_RGB.tif,0,,68863.384,34416.477,288873.225,685773.411,1672443.425,360281.689,234235.239,10.994,5.494,46.117,37.395,66.676,120,1.00E+09,0.3,44,48,44,5,2.5,2.5,1
/SP Y2R D10.vsi_20x_Series_0_ROI_3_Scaled_4_RGB.tif,SP Y2R D10.vsi_20x_Series_0_ROI_3_Scaled_4_RGB.tif,0,,121111.918,44519.28,322559.379,711760.742,1742128.883,271304.179,270873.386,15.955,5.865,42.494,35.685,73.121,120,1.00E+09,0.3,57,61,57,5,7.5,5,3
/SP Y2R D10.vsi_20x_Series_0_ROI_4_Scaled_4_RGB.tif,SP Y2R D10.vsi_20x_Series_0_ROI_4_Scaled_4_RGB.tif,0,,60768.97,23339.91,331688.418,807250.49,1775588.477,242826.872,309713.817,8.376,3.217,45.718,42.689,72.25,120,1.00E+09,0.3,38,42,38,2.5,2.5,2.5,1
/SP Y2R D10.vsi_20x_Series_0_ROI_5_Scaled_4_RGB.tif,SP Y2R D10.vsi_20x_Series_0_ROI_5_Scaled_4_RGB.tif,0,,324750.348,16340.98,145303.871,458125.608,1113107.083,72502.833,96083.443,55.753,2.805,24.946,16.496,95.209,120,1.00E+09,0.3,27,31,27,75,95,95,95
/SP Y2R D15.vsi_20x_Series_1_ROI_7_Scaled_4_RGB.tif,SP Y2R D15.vsi_20x_Series_1_ROI_7_Scaled_4_RGB.tif,0,,141593.348,218643.5,528456.926,974386.202,2920971.476,414578.437,643313.063,9.242,14.272,34.494,41.992,39.306,120,1.00E+09,0.3,211,215,211,20,65,25,15
/SP Y2R D15.vsi_20x_Series_1_ROI_8_Scaled_4_RGB.tif,SP Y2R D15.vsi_20x_Series_1_ROI_8_Scaled_4_RGB.tif,0,,172571.647,64695.349,466804.633,1042520.203,2371655.895,530136.163,94927.9,21.598,8.097,58.424,11.881,72.733,120,1.00E+09,0.3,85,89,85,10,17.5,5,2.5
/SP Y2R D20.vsi_20x_Series_1_ROI_10_Scaled_4_RGB.tif,SP Y2R D20.vsi_20x_Series_1_ROI_10_Scaled_4_RGB.tif,0,,246362.333,24344.104,132523.216,950667.693,1678711.188,139644.859,185168.982,41.87,4.137,22.523,31.47,91.007,120,1.00E+09,0.3,36,40,36,50,85,90,70
/SP Y2R D20.vsi_20x_Series_1_ROI_11_Scaled_4_RGB.tif,SP Y2R D20.vsi_20x_Series_1_ROI_11_Scaled_4_RGB.tif,0,,166239.801,89495.013,304423.021,753693.461,1741158.669,172116.775,255190.599,20.389,10.976,37.337,31.298,65.005,120,1.00E+09,0.3,126,130,126,30,25,30,15
/SP Y2R D20.vsi_20x_Series_1_ROI_12_Scaled_4_RGB.tif,SP Y2R D20.vsi_20x_Series_1_ROI_12_Scaled_4_RGB.tif,0,,230629.956,67707.039,211671.985,647401.017,1686067.04,279090.775,249566.269,30.363,8.914,27.867,32.856,77.305,120,1.00E+09,0.3,75,79,75,35,70,70,40
/SP Y2R D20.vsi_20x_Series_1_ROI_13_Scaled_4_RGB.tif,SP Y2R D20.vsi_20x_Series_1_ROI_13_Scaled_4_RGB.tif,0,,147190.539,63690.262,270615.147,506144.353,1385505.16,137398.915,260465.943,19.838,8.584,36.473,35.105,69.798,120,1.00E+09,0.3,90,94,90,15,40,20,20
/SP Y2R D20.vsi_20x_Series_1_ROI_14_Scaled_4_RGB.tif,SP Y2R D20.vsi_20x_Series_1_ROI_14_Scaled_4_RGB.tif,0,,117734.173,9920.222,96859.104,504135.965,945416.732,113953.393,102813.874,35.968,3.031,29.591,31.41,92.229,120,1.00E+09,0.3,19,23,19,30,70,40,20
/SP Y2R D25.vsi_20x_Series_1_ROI_15_Scaled_4_RGB.tif,SP Y2R D25.vsi_20x_Series_1_ROI_15_Scaled_4_RGB.tif,0,,229457.737,19263.494,137644.21,781525.748,1494286.971,222310.909,104084.873,46.785,3.928,28.065,21.222,92.255,120,1.00E+09,0.3,34,38,34,70,75,90,80
/SP Y2R D25.vsi_20x_Series_1_ROI_16_Scaled_4_RGB.tif,SP Y2R D25.vsi_20x_Series_1_ROI_16_Scaled_4_RGB.tif,0,,135361.805,8612.273,1795.492,1288219.556,1558482.884,24950.224,99543.533,55.179,3.511,0.732,40.578,94.018,120,1.00E+09,0.3,15,19,15,65,85,85,90
/T Y2R D10.vsi_20x_Series_0_ROI_1_Scaled_4_RGB.tif,T Y2R D10.vsi_20x_Series_0_ROI_1_Scaled_4_RGB.tif,0,,120082.924,201791.654,1247.694,762219.207,1304828.199,192336.518,27150.203,34.283,57.61,0.356,7.751,37.307,120,1.00E+09,0.3,125,129,125,5,2.5,2.5,1
/T Y2R D10.vsi_20x_Series_0_ROI_3_Scaled_4_RGB.tif,T Y2R D10.vsi_20x_Series_0_ROI_3_Scaled_4_RGB.tif,0,,288795.475,318070.633,170264.561,885284.423,1898802.784,87696.512,148691.179,31.193,34.355,18.391,16.06,47.588,120,1.00E+09,0.3,250,254,250,2.5,2.5,5,2
/T Y2R D10.vsi_20x_Series_0_ROI_4_Scaled_4_RGB.tif,T Y2R D10.vsi_20x_Series_0_ROI_4_Scaled_4_RGB.tif,0,,95342.068,74587.746,164604.292,875911.504,1512866.983,113304.551,189116.823,18.207,14.244,31.434,36.115,56.107,120,1.00E+09,0.3,84,88,84,2.5,2.5,5,2
/T Y2R D15_01.vsi_20x_Series_0_ROI_10_Scaled_4_RGB.tif,T Y2R D15_01.vsi_20x_Series_0_ROI_10_Scaled_4_RGB.tif,0,,40535.505,68654.729,123006.389,197047.592,581483.589,79959.844,72279.531,13.313,22.548,40.399,23.739,37.124,120,1.00E+09,0.3,68,72,68,15,25,10,5
/T Y2R D15_01.vsi_20x_Series_0_ROI_11_Scaled_4_RGB.tif,T Y2R D15_01.vsi_20x_Series_0_ROI_11_Scaled_4_RGB.tif,0,,302981.595,120419.664,335422.172,768196.505,1967499.748,192235.592,248244.22,30.086,11.957,33.307,24.65,71.559,120,1.00E+09,0.3,147,151,147,10,30,10,7.5
/T Y2R D15_01.vsi_20x_Series_0_ROI_12_Scaled_4_RGB.tif,T Y2R D15_01.vsi_20x_Series_0_ROI_12_Scaled_4_RGB.tif,0,,509554.422,22215.404,149543.146,1681401.779,2969210.933,328008.602,278487.58,53.09,2.315,15.581,29.015,95.822,120,1.00E+09,0.3,30,34,30,90,90,95,95
/T Y2R D15_01.vsi_20x_Series_0_ROI_13_Scaled_4_RGB.tif,T Y2R D15_01.vsi_20x_Series_0_ROI_13_Scaled_4_RGB.tif,0,,485208.774,89896.307,313724.112,2035113.619,3535144.121,312777.506,298423.803,40.868,7.572,26.424,25.136,84.369,120,1.00E+09,0.3,111,115,111,25,80,25,17.5
/T Y2R D15_01.vsi_20x_Series_0_ROI_5_Scaled_4_RGB.tif,T Y2R D15_01.vsi_20x_Series_0_ROI_5_Scaled_4_RGB.tif,0,,398477.401,704593.499,68259.112,1195006.155,2914340.546,512707.695,35296.685,33.024,58.394,5.657,2.925,36.124,120,1.00E+09,0.3,296,300,296,2.5,2.5,2.5,0.5
/T Y2R D15_01.vsi_20x_Series_0_ROI_6_Scaled_4_RGB.tif,T Y2R D15_01.vsi_20x_Series_0_ROI_6_Scaled_4_RGB.tif,0,,253925.113,323036.323,73919.475,705628.189,1854340.333,549560.759,-51729.525,42.381,53.916,12.337,-8.634,44.011,120,1.00E+09,0.3,201,205,201,5,5,5,1.5
/T Y2R D15_01.vsi_20x_Series_0_ROI_7_Scaled_4_RGB.tif,T Y2R D15_01.vsi_20x_Series_0_ROI_7_Scaled_4_RGB.tif,0,,68806.889,71211.022,14363.933,286426.554,536353.91,96826.708,-1281.195,44.942,46.513,9.382,-0.837,49.141,120,1.00E+09,0.3,43,47,43,5,5,5,1
/T Y2R D15_01.vsi_20x_Series_0_ROI_8_Scaled_4_RGB.tif,T Y2R D15_01.vsi_20x_Series_0_ROI_8_Scaled_4_RGB.tif,0,,227723.109,116311.336,365.185,845737.396,1324706.081,89129.123,45439.933,58.415,29.836,9.40E-02,11.656,66.192,120,1.00E+09,0.3,93,97,93,10,5,5,2.5
/T Y2R D15_01.vsi_20x_Series_0_ROI_9_Scaled_4_RGB.tif,T Y2R D15_01.vsi_20x_Series_0_ROI_9_Scaled_4_RGB.tif,0,,174284.411,93669.882,37005.386,774526.374,1343616.368,222488.232,41642.083,50.284,27.025,10.677,12.014,65.043,120,1.00E+09,0.3,78,82,78,10,10,5,2.5
/T Y2R D20.vsi_20x_Series_0_ROI_15_Scaled_4_RGB.tif,T Y2R D20.vsi_20x_Series_0_ROI_15_Scaled_4_RGB.tif,0,,335630.567,1057621.247,92147.009,999466.382,2656830.622,212077.44,-40112.023,23.222,73.177,6.376,-2.775,24.09,120,1.00E+09,0.3,267,271,267,2.5,2.5,2.5,1
/T Y2R D20.vsi_20x_Series_0_ROI_16_Scaled_4_RGB.tif,T Y2R D20.vsi_20x_Series_0_ROI_16_Scaled_4_RGB.tif,0,,347103.296,936777.201,43456.383,1271738.273,3152267.928,587344.174,-34151.399,26.841,72.44,3.36,-2.641,27.035,120,1.00E+09,0.3,286,290,286,2.5,2.5,2.5,1
/T Y2R D20.vsi_20x_Series_0_ROI_17_Scaled_4_RGB.tif,T Y2R D20.vsi_20x_Series_0_ROI_17_Scaled_4_RGB.tif,0,,421599.953,810516.323,37126.602,1002479.114,2405368.619,134152.934,-506.307,33.23,63.884,2.926,-0.04,34.218,120,1.00E+09,0.3,334,338,334,5,2.5,2.5,1
/T Y2R D25.vsi_20x_Series_0_ROI_18_Scaled_4_RGB.tif,T Y2R D25.vsi_20x_Series_0_ROI_18_Scaled_4_RGB.tif,0,,302250.392,129488.061,205750.594,889922.293,1930369.642,74673.104,328285.199,31.296,13.408,21.304,33.992,70.008,120,1.00E+09,0.3,144,148,144,45,50,70,50
/T Y2R D25.vsi_20x_Series_0_ROI_19_Scaled_4_RGB.tif,T Y2R D25.vsi_20x_Series_0_ROI_19_Scaled_4_RGB.tif,0,,237795.465,160133.061,136426.551,954194.627,1965655.578,529715.966,-52610.093,49.361,33.24,28.319,-10.921,59.758,120,1.00E+09,0.3,140,144,140,15,15,20,12.5
/T Y2R D25.vsi_20x_Series_0_ROI_20_Scaled_4_RGB.tif,T Y2R D25.vsi_20x_Series_0_ROI_20_Scaled_4_RGB.tif,0,,163754.466,140169.684,31953.575,948442.984,1539797.154,233876.676,21599.768,45.808,39.211,8.939,6.042,53.88,120,1.00E+09,0.3,105,109,105,15,10,10,10
/T Y2R D25.vsi_20x_Series_0_ROI_21_Scaled_4_RGB.tif,T Y2R D25.vsi_20x_Series_0_ROI_21_Scaled_4_RGB.tif,0,,372152.642,702978.66,39957.185,1027048.78,2294522.863,90482.802,61902.794,31.619,59.727,3.395,5.259,34.615,120,1.00E+09,0.3,290,294,290,5,5,5,1.5
/T Y2R D25.vsi_20x_Series_0_ROI_22_Scaled_4_RGB.tif,T Y2R D25.vsi_20x_Series_0_ROI_22_Scaled_4_RGB.tif,0,,484963.98,1266761.46,54229.782,1202215.237,3209187.929,187767.534,13249.937,26.658,69.633,2.981,0.728,27.685,120,1.00E+09,0.3,370,374,370,5,5,2.5,0.5
/T Y2R D25.vsi_20x_Series_0_ROI_23_Scaled_4_RGB.tif,T Y2R D25.vsi_20x_Series_0_ROI_23_Scaled_4_RGB.tif,0,,484963.98,1572754.985,100090.771,1321265.13,3667193.553,235682.206,-47563.518,22.981,74.529,4.743,-2.254,23.568,120,1.00E+09,0.3,368,372,368,2.5,5,2.5,0.5
/T Y2R D5.vsi_20x_Series_0_ROI_2_Scaled_4_RGB.tif,T Y2R D5.vsi_20x_Series_0_ROI_2_Scaled_4_RGB.tif,0,,235149.829,34388.418,306056.922,884117.101,2011120.123,451673.542,99734.311,34.82,5.092,45.32,14.768,87.242,120,1.00E+09,0.3,48,52,48,5,5,5,1
/T Y2R D5.vsi_20x_Series_0_ROI_4_Scaled_4_RGB.tif,T Y2R D5.vsi_20x_Series_0_ROI_4_Scaled_4_RGB.tif,0,,44887.537,142270.668,245709.813,1039412.763,1970729.561,129558.177,368890.603,5.599,17.745,30.646,46.01,23.984,120,1.00E+09,0.3,164,168,164,3,5,5,1
/T Y2R D5.vsi_20x_Series_0_ROI_5_Scaled_4_RGB.tif,T Y2R D5.vsi_20x_Series_0_ROI_5_Scaled_4_RGB.tif,0,,84449.434,166646.883,133871.373,933173.853,1694047.979,104338.757,271567.678,12.863,25.383,20.391,41.364,33.632,120,1.00E+09,0.3,152,156,152,5,2.5,2.5,2
/T Y2R D5.vsi_20x_Series_0_ROI_6_Scaled_4_RGB.tif,T Y2R D5.vsi_20x_Series_0_ROI_6_Scaled_4_RGB.tif,0,,90383.719,205813.161,283476.208,605540.482,1609543.143,28294.316,396035.257,9.263,21.094,29.053,40.59,30.515,120,1.00E+09,0.3,198,202,198,5,5,2.5,2
/T Y2R D5.vsi_20x_Series_0_ROI_7_Scaled_4_RGB.tif,T Y2R D5.vsi_20x_Series_0_ROI_7_Scaled_4_RGB.tif,0,,200487.521,483111.627,120602.921,1020544.781,2114661.078,75839.495,214074.732,19.689,47.444,11.844,21.023,29.328,120,1.00E+09,0.3,288,292,288,2.5,2.5,2.5,1
/T Y2R D5.vsi_20x_Series_0_ROI_8_Scaled_4_RGB.tif,T Y2R D5.vsi_20x_Series_0_ROI_8_Scaled_4_RGB.tif,0,,335454.454,788742.497,119355.2,1318476.298,2953716.181,227654.329,164033.403,23.832,56.035,8.479,11.654,29.839,120,1.00E+09,0.3,385,389,385,2.5,2.5,2.5,1
/T Y2R D5.vsi_20x_Series_0_ROI_9_Scaled_4_RGB.tif,T Y2R D5.vsi_20x_Series_0_ROI_9_Scaled_4_RGB.tif,0,,484268.051,1019692.679,25106.588,1813426.062,3583517.599,115716.037,125308.182,29.272,61.636,1.518,7.574,32.2,120,1.00E+09,0.3,328,332,328,2.5,2.5,2.5,1
/Tail_12a_01.vsi_20x_Series_1_ROI_1_Scaled_4_RGB.tif,Tail_12a_01.vsi_20x_Series_1_ROI_1_Scaled_4_RGB.tif,0,,808919.384,1194661.26,59022.606,1656063.8,4021837.532,183817.297,119353.185,37.073,54.752,2.705,5.47,40.374,120,1.00E+09,0.3,472,476,472,5,5,5,3
/Tail_12a_01.vsi_20x_Series_1_ROI_2_Scaled_4_RGB.tif,Tail_12a_01.vsi_20x_Series_1_ROI_2_Scaled_4_RGB.tif,0,,416983.779,403898.006,3491.564,1957309.836,2958347.226,107166.276,69497.765,46.649,45.185,0.391,7.775,50.797,120,1.00E+09,0.3,280,284,280,10,10,5,3.5
/Tail_12a_01.vsi_20x_Series_1_ROI_3_Scaled_4_RGB.tif,Tail_12a_01.vsi_20x_Series_1_ROI_3_Scaled_4_RGB.tif,0,,299515.435,248933.305,3886.262,1304873.224,2100188.794,60907.487,182073.081,40.783,33.896,0.529,24.792,54.611,120,1.00E+09,0.3,215,219,215,20,27.5,20,15
/Tail_12a_01.vsi_20x_Series_1_ROI_4_Scaled_4_RGB.tif,Tail_12a_01.vsi_20x_Series_1_ROI_4_Scaled_4_RGB.tif,0,,431041.118,27143.112,2671.805,1618779.973,2292855.74,61866.793,151352.939,70.408,4.434,0.436,24.722,94.076,120,1.00E+09,0.3,31,35,31,80,85,90,95
/Tail_24c_01.vsi_20x_Series_0_ROI_10_Scaled_4_RGB.tif,Tail_24c_01.vsi_20x_Series_0_ROI_10_Scaled_4_RGB.tif,0,,972834.466,1093.038,416872.67,1290574.633,3240025.005,295304.526,263345.672,58.812,0.066,25.202,15.92,99.888,120,1.00E+09,0.3,3,7,3,100,100,100,100
/Tail_24c_01.vsi_20x_Series_0_ROI_11_Scaled_4_RGB.tif,Tail_24c_01.vsi_20x_Series_0_ROI_11_Scaled_4_RGB.tif,0,,247998.25,364.346,163530.677,681964.824,1354131.45,232012.936,28260.417,56.344,0.083,37.153,6.421,99.853,120,1.00E+09,0.3,1,5,1,100,100,100,100
/Tail_24c_01.vsi_20x_Series_0_ROI_7_Scaled_4_RGB.tif,Tail_24c_01.vsi_20x_Series_0_ROI_7_Scaled_4_RGB.tif,0,,975887.762,9772.825,356754.456,443365.566,2083614.21,96072.917,8656.8,63.198,0.633,35.85,0.319,99.008,120,5000,0.41,5,0,5,100,100,100,100
/Tail_24c_01.vsi_20x_Series_0_ROI_8_Scaled_4_RGB.tif,Tail_24c_01.vsi_20x_Series_0_ROI_8_Scaled_4_RGB.tif,0,,595068.278,2125.352,373333.31,1461058.248,2865930.821,194694.267,239651.365,49.172,0.176,30.849,19.803,99.644,120,1.00E+09,0.3,3,7,3,100,100,100,100
/Tail_24c_01.vsi_20x_Series_0_ROI_9_Scaled_4_RGB.tif,Tail_24c_01.vsi_20x_Series_0_ROI_9_Scaled_4_RGB.tif,0,,220247.221,364.346,720676.598,843825.582,3153274.651,308090.578,1060070.325,11.005,0.018,36.009,52.968,99.835,120,1.00E+09,0.3,1,5,1,100,100,100,100
Project:name:idr0096-tratwal-marrowquant/experimentA/Dataset:name:Test-ome-tiffs/uod/idr/filesets/idr0096-tratwal-marrowquant/20210609-ftp-ome-tiffs/PA d20 Cd-S3 (20x).ome.tiff,PA d20 Cd-S3 (20x).ome.tiff,0,CD5,141901.562,729600.931,304158.838,435221.27,1670126.23,0,59243.63,11.491,59.082,24.63,4.797,16.282,120,5000,0.41,1131,1135,1131,,,,
Project:name:idr0096-tratwal-marrowquant/experimentA/Dataset:name:Test-ome-tiffs/uod/idr/filesets/idr0096-tratwal-marrowquant/20210609-ftp-ome-tiffs/PA d20 Cd-S3 (20x).ome.tiff,PA d20 Cd-S3 (20x).ome.tiff,1,CD4,114952.283,1265337.644,226770.706,563034.837,2280204.475,0,110109.005,6.694,73.687,13.206,6.412,8.328,120,5000,0.41,1201,1206,1201,,,,
Project:name:idr0096-tratwal-marrowquant/experimentA/Dataset:name:Test-ome-tiffs/uod/idr/filesets/idr0096-tratwal-marrowquant/20210609-ftp-ome-tiffs/PA d20 Cd-S3 (20x).ome.tiff,PA d20 Cd-S3 (20x).ome.tiff,2,CD3,159278.672,600468.651,371702.624,440659.044,1698611.512,63289.734,63212.788,13.333,50.263,31.114,5.291,20.965,120,5000,0.41,1021,1022,1021,,,,
Project:name:idr0096-tratwal-marrowquant/experimentA/Dataset:name:Test-ome-tiffs/uod/idr/filesets/idr0096-tratwal-marrowquant/20210609-ftp-ome-tiffs/PA d20 Cd-S3 (20x).ome.tiff,PA d20 Cd-S3 (20x).ome.tiff,3,CD2,115510.053,839389.533,212519.79,340753.122,1665945.503,21874.225,135898.781,8.863,64.404,16.306,10.427,12.097,120,5000,0.41,1028,1032,1028,,,,
Project:name:idr0096-tratwal-marrowquant/experimentA/Dataset:name:Test-ome-tiffs/uod/idr/filesets/idr0096-tratwal-marrowquant/20210609-ftp-ome-tiffs/PA d20 Cd-S3 (20x).ome.tiff,PA d20 Cd-S3 (20x).ome.tiff,4,CD1,143135.939,1801543.957,214908.04,783261.814,3537303.467,0,594453.718,5.197,65.415,7.803,21.585,7.36,120,5000,0.41,1502,1508,1502,,,,